1,-36,36,-1
2,-36,-36,-1
3,36,36,-1
4,36,-36,-1
5,-5.19615221,-3,-1
6,-3,-5.19615221,-1
7,0,-6,-1
8,3,-5.19615221,-1
9,5.19615221,-3,-1
10,-6,0,-1
11,6,0,-1
12,5.19615221,3,-1
13,3,5.19615221,-1
14,0,6,-1
15,-3,5.19615221,-1
16,-5.19615221,3,-1
17,-36,33,-1
18,-36,30,-1
19,-36,27,-1
20,-36,24,-1
21,-36,21,-1
22,-36,18,-1
23,-36,15,-1
24,-36,12,-1
25,-36,9,-1
26,-36,6,-1
27,-36,3,-1
28,-36,0,-1
29,-36,-3,-1
30,-36,-6,-1
31,-36,-9,-1
32,-36,-12,-1
33,-36,-15,-1
34,-36,-18,-1
35,-36,-21,-1
36,-36,-24,-1
37,-36,-27,-1
38,-36,-30,-1
39,-36,-33,-1
40,33,36,-1
41,30,36,-1
42,27,36,-1
43,24,36,-1
44,21,36,-1
45,18,36,-1
46,15,36,-1
47,12,36,-1
48,9,36,-1
49,6,36,-1
50,3,36,-1
51,0,36,-1
52,-3,36,-1
53,-6,36,-1
54,-9,36,-1
55,-12,36,-1
56,-15,36,-1
57,-18,36,-1
58,-21,36,-1
59,-24,36,-1
60,-27,36,-1
61,-30,36,-1
62,-33,36,-1
63,36,-33,-1
64,36,-30,-1
65,36,-27,-1
66,36,-24,-1
67,36,-21,-1
68,36,-18,-1
69,36,-15,-1
70,36,-12,-1
71,36,-9,-1
72,36,-6,-1
73,36,-3,-1
74,36,0,-1
75,36,3,-1
76,36,6,-1
77,36,9,-1
78,36,12,-1
79,36,15,-1
80,36,18,-1
81,36,21,-1
82,36,24,-1
83,36,27,-1
84,36,30,-1
85,36,33,-1
86,-33,-36,-1
87,-30,-36,-1
88,-27,-36,-1
89,-24,-36,-1
90,-21,-36,-1
91,-18,-36,-1
92,-15,-36,-1
93,-12,-36,-1
94,-9,-36,-1
95,-6,-36,-1
96,-3,-36,-1
97,0,-36,-1
98,3,-36,-1
99,6,-36,-1
100,9,-36,-1
101,12,-36,-1
102,15,-36,-1
103,18,-36,-1
104,21,-36,-1
105,24,-36,-1
106,27,-36,-1
107,30,-36,-1
108,33,-36,-1
109,-2.79042482,-33.1980782,-1
110,-33.1355247,14.7412844,-1
111,-33.3321609,5.81320858,-1
112,-6.33969402,33.2162895,-1
113,-18.0714359,33.4006729,-1
114,33.2969398,6.09976482,-1
115,33.1996193,18.0737171,-1
116,-11.894002,-33.115406,-1
117,-32.9997597,17.7000675,-1
118,-9.29681396,33.3337746,-1
119,-32.6826782,23.8519859,-1
120,-32.8493919,20.7247314,-1
121,-33.2704582,11.7453632,-1
122,-33.3435097,8.76303577,-1
123,-33.3150673,-0.121666744,-1
124,-33.3033485,-3.10798502,-1
125,-33.0353088,-9.057827,-1
126,-32.9818344,-15.0879974,-1
127,-33.0180931,-18.1547451,-1
128,-33.1098137,-24.1874027,-1
129,-33.1187134,-27.1516285,-1
130,11.9396467,33.2431488,-1
131,8.88816452,33.3049088,-1
132,2.7443943,33.1594658,-1
133,-0.301128209,33.0755806,-1
134,-12.2200537,33.4121819,-1
135,-15.1369696,33.438324,-1
136,-21.0167084,33.3447151,-1
137,-23.9900036,33.2611656,-1
138,-26.9863319,33.165535,-1
139,-29.9836884,33.07967,-1
140,-32.9834175,33.0231171,-1
141,33.0466347,-18.0528164,-1
142,33.0892067,-11.9377146,-1
143,33.064167,-8.86438656,-1
144,33.1425133,-2.80798531,-1
145,33.2471542,0.162577763,-1
146,33.2712708,9.06682014,-1
147,33.2342987,12.0565538,-1
148,33.2149963,15.0503645,-1
149,33.1795769,21.0826588,-1
150,33.14711,24.0698261,-1
151,33.1096916,27.0610466,-1
152,33.0732841,30.0464363,-1
153,33.0379257,33.0294495,-1
154,-30.0836658,-33.0876389,-1
155,-21.0317993,-33.111145,-1
156,-17.9992275,-33.1160507,-1
157,-14.9527712,-33.1150894,-1
158,-8.86142254,-33.1206741,-1
159,-5.82784748,-33.1492386,-1
160,3.17580533,-33.2998695,-1
161,6.12855911,-33.3083687,-1
162,12.0501385,-33.239994,-1
163,18.0621853,-33.2040176,-1
164,21.0641537,-33.1806793,-1
165,27.0645351,-33.1188087,-1
166,30.0479603,-33.0787392,-1
167,33.0307274,-33.0408401,-1
168,33.0858688,-15.0174809,-1
169,9.07133675,-33.2879562,-1
170,0.201911688,-33.270752,-1
171,-33.3287163,2.85460138,-1
172,-33.1537781,-6.0826292,-1
173,-32.9831314,-12.0730228,-1
174,-33.0666389,-21.1814022,-1
175,21.0115776,32.9940262,-1
176,14.9788742,33.1779861,-1
177,5.82417297,33.2848854,-1
178,-3.32042003,33.1234322,-1
179,33.0126038,-21.0521488,-1
180,33.0632248,-5.82416487,-1
181,33.3059845,3.1218307,-1
182,15.0372047,-33.2237892,-1
183,24.061388,-33.146698,-1
184,-6.98569393,6.62859154,-1
185,6.14471388,-7.37337589,-1
186,-2.45430708,-8.98376369,-1
187,2.57568288,-8.68497562,-1
188,2.39518762,9.52283764,-1
189,-6.09568834,-7.22433662,-1
190,8.97735786,3.43592572,-1
191,-2.04451513,9.31789398,-1
192,8.98971558,-3.08451009,-1
193,6.77882004,6.60893393,-1
194,-9.12779808,3.24742126,-1
195,-8.84955311,-3.00354004,-1
196,-33.0605354,-33.0591583,-1
197,-32.7800255,26.9454403,-1
198,-24.0680351,-33.1119232,-1
199,24.0237389,32.9848099,-1
200,32.9995117,-24.0439472,-1
201,17.9765797,33.0747223,-1
202,-15.2348232,30.8960953,-1
203,30.4344482,15.0414543,-1
204,-30.3476353,14.3198776,-1
205,-6.74843216,30.5307503,-1
206,-14.9567966,-30.2877235,-1
207,-5.63104963,-30.3365917,-1
208,-30.6716328,11.432663,-1
209,30.6945667,6.11315346,-1
210,-11.8332243,-30.2653503,-1
211,-30.7088089,5.66849804,-1
212,-9.63827896,30.7467003,-1
213,30.3153267,-11.9602728,-1
214,30.3492107,21.1036415,-1
215,-30.7736015,8.53520107,-1
216,-29.0769901,23.6109219,-1
217,30.1753941,27.0542469,-1
218,30.4134598,18.0658855,-1
219,30.4622631,12.0134144,-1
220,33.0107002,-27.0510921,-1
221,30.5881062,9.01953602,-1
222,-30.1892509,-27.2804756,-1
223,-30.0781555,-18.3148651,-1
224,-8.72807312,-30.2550564,-1
225,-20.9124489,30.7101231,-1
226,-30.0345726,17.2091675,-1
227,-29.8774185,20.2062645,-1
228,-27.0859966,-33.1070518,-1
229,2.64812207,30.4421501,-1
230,-12.4409924,30.8792706,-1
231,-18.0494194,30.8471622,-1
232,-23.8310337,30.5296955,-1
233,-26.8281422,30.3097992,-1
234,-32.9044724,30.0094738,-1
235,30.3062248,-2.57408023,-1
236,30.2564068,24.0749321,-1
237,27.0457287,33.0069885,-1
238,30.0509205,33.0260429,-1
239,-21.092823,-30.2855949,-1
240,-18.0447922,-30.2884464,-1
241,18.0354939,-30.4331512,-1
242,27.0466881,-30.1825638,-1
243,33.0272141,-30.054388,-1
244,11.8664551,30.6768837,-1
245,3.32071757,-30.6980762,-1
246,-30.6772747,-3.13373041,-1
247,30.6797695,3.22737694,-1
248,-2.5334332,-30.4555798,-1
249,-30.6496677,2.72524071,-1
250,-3.69461036,30.2770424,-1
251,14.848237,30.4647694,-1
252,8.81259918,30.8013515,-1
253,24.0553741,-30.2593918,-1
254,14.9988976,-30.4783974,-1
255,30.1965961,-8.8157692,-1
256,-30.0036621,-15.2382374,-1
257,12.0042992,-30.5172749,-1
258,0.437511802,-30.6014538,-1
259,-30.6096592,-0.242177755,-1
260,-30.2052345,-6.01019669,-1
261,-30.1866035,-24.354208,-1
262,5.7736249,30.787426,-1
263,-0.555818081,30.109724,-1
264,30.2834778,-15.0416403,-1
265,30.5760288,0.354778677,-1
266,6.205863,-30.6708698,-1
267,29.989872,-21.0637627,-1
268,30.1383114,-18.0695133,-1
269,-29.9989262,-9.08182907,-1
270,-30.1459694,-21.3616924,-1
271,9.07108593,-30.5932903,-1
272,21.054491,-30.348011,-1
273,-29.9674587,-12.1932411,-1
274,30.0883484,-5.64623117,-1
275,-29.8485966,30.1055679,-1
276,30.1041622,30.0384655,-1
277,30.032896,-30.1064034,-1
278,-33.097126,-30.1035442,-1
279,20.907732,29.943819,-1
280,29.9839096,-27.0957661,-1
281,-27.1600533,-30.2386322,-1
282,27.0899487,29.9857407,-1
283,-2.18120813,-27.78265,-1
284,-28.0019836,2.71180129,-1
285,5.87246132,28.6259995,-1
286,2.93679214,27.998106,-1
287,-0.696939528,26.7468662,-1
288,8.69325161,28.5018005,-1
289,-5.3983264,-27.5776329,-1
290,-28.0816078,5.62011528,-1
291,-26.9339504,-5.48560572,-1
292,6.17676544,-28.0771122,-1
293,0.785087168,-27.9237652,-1
294,-27.5983543,-0.567414522,-1
295,11.6394148,28.3120327,-1
296,27.6477814,11.8718672,-1
297,28.2423916,6.03788137,-1
298,27.9169292,8.80401611,-1
299,-28.4838161,-3.026963,-1
300,3.43022132,-28.2568321,-1
301,-8.56514549,-27.3037682,-1
302,-11.796422,-27.4200287,-1
303,-28.3233738,8.38399124,-1
304,-28.2948647,11.0816431,-1
305,28.0897751,3.32573891,-1
306,27.5217705,-2.14256358,-1
307,26.8583336,-5.45885897,-1
308,28.0395317,0.623865843,-1
309,27.4998894,-8.97883415,-1
310,-23.4747581,27.8075199,-1
311,27.7421379,-12.0727615,-1
312,-20.6603527,28.0817413,-1
313,23.9584217,-27.2986012,-1
314,-27.2483101,-24.4843922,-1
315,-17.9493065,28.2942085,-1
316,20.9426918,-27.5332832,-1
317,-27.2585602,-21.5408173,-1
318,-4.2410574,27.5288029,-1
319,17.9261551,-27.7352085,-1
320,-27.2283936,-18.5447712,-1
321,-15.2816296,28.4083881,-1
322,-15.0330439,-27.4881668,-1
323,14.5287533,27.8693962,-1
324,-27.0701141,-9.14043808,-1
325,8.9671545,-27.8495598,-1
326,27.690361,14.9755983,-1
327,-27.6415195,13.6416597,-1
328,27.2986488,24.0107975,-1
329,26.8519363,-20.9982338,-1
330,27.6087761,-15.0078135,-1
331,-12.6651411,28.3566799,-1
332,-7.26510811,27.9667416,-1
333,-10.037838,28.2221813,-1
334,-27.1109219,-15.4948149,-1
335,14.9093781,-27.7917824,-1
336,27.5266647,21.0227299,-1
337,-27.0354347,21.7501659,-1
338,-27.2434158,19.6089077,-1
339,27.6771698,18.0097694,-1
340,27.2578163,-17.9739552,-1
341,-26.8614311,16.5765972,-1
342,-18.1249542,-27.4603653,-1
343,-21.1697559,-27.4445629,-1
344,-26.9731121,-12.3863926,-1
345,11.8960743,-27.7788277,-1
346,24.0053043,29.9137344,-1
347,-29.5677223,27.0191422,-1
348,29.9505939,-24.0592842,-1
349,-24.1383648,-30.2696743,-1
350,17.8337021,30.168251,-1
351,27.153801,26.9617405,-1
352,26.9531422,-27.1562843,-1
353,-26.4522381,27.4368057,-1
354,23.9837112,26.808897,-1
355,26.8468819,-24.0721912,-1
356,-25.7708988,24.6718006,-1
357,20.6894169,26.7673607,-1
358,-24.2096939,-27.4237309,-1
359,17.7674828,-25.1379948,-1
360,-24.3712063,-15.8734608,-1
361,24.57901,-17.5871639,-1
362,14.8452816,-25.157938,-1
363,-17.7303905,25.7696552,-1
364,-12.9297371,25.7504768,-1
365,-24.8082542,17.7201347,-1
366,24.1459522,23.7719975,-1
367,24.6790485,20.8347664,-1
368,23.7441559,-24.2246265,-1
369,-24.4995327,-18.8157749,-1
370,-24.4035053,-21.6868629,-1
371,20.7244854,-24.7587719,-1
372,-22.858696,25.0504551,-1
373,-20.2160587,25.3903904,-1
374,-23.9594593,-6.52396297,-1
375,5.8050909,-25.4683762,-1
376,4.01178503,25.9400558,-1
377,24.4384689,-1.12447286,-1
378,6.04234743,27.0284557,-1
379,25.1305981,8.09988308,-1
380,24.6798229,11.6791134,-1
381,1.41149414,24.2807369,-1
382,24.6109695,-3.81946516,-1
383,24.082159,-7.08038092,-1
384,-26.081789,8.53790092,-1
385,-7.96055508,25.4463024,-1
386,-10.4956665,25.6514969,-1
387,-24.6526203,19.5965633,-1
388,-18.2131214,-24.5533924,-1
389,-25.1262169,-2.74013662,-1
390,1.54300082,-24.835104,-1
391,8.22551632,26.1152115,-1
392,-1.84462428,-25.3041859,-1
393,-4.92955637,-24.8914642,-1
394,-25.3812084,2.77989101,-1
395,-25.2091789,5.74858522,-1
396,-25.527586,0.557108998,-1
397,-30.1457024,-30.1805916,-1
398,26.2318764,5.92447042,-1
399,25.099308,3.46421719,-1
400,25.0064087,-9.60694695,-1
401,25.0886536,-14.8128328,-1
402,-2.87022138,23.7463055,-1
403,-5.32130718,24.894825,-1
404,25.0150814,17.9179668,-1
405,-24.1258316,14.6822195,-1
406,25.4021072,-12.2453642,-1
407,-11.9407043,-24.6685886,-1
408,-15.1561279,-24.7530289,-1
409,11.3014383,26.2473564,-1
410,-23.7471981,-12.596097,-1
411,-22.5268726,-9.2538147,-1
412,11.7899475,-24.9789181,-1
413,8.67340946,-24.9223671,-1
414,25.0403786,14.9828882,-1
415,-24.85462,12.0705385,-1
416,-27.2117844,-27.3624134,-1
417,17.4893322,27.245842,-1
418,16.7373428,24.3745193,-1
419,-24.293087,-24.553421,-1
420,17.6113205,-22.7081718,-1
421,-21.9432507,-16.468441,-1
422,20.3131733,-22.2064819,-1
423,20.3608284,23.2532253,-1
424,-21.885252,-18.9756489,-1
425,-19.4916248,22.4963322,-1
426,-22.0792427,22.1706429,-1
427,-21.4809628,18.8378639,-1
428,22.5814915,-16.8079567,-1
429,23.3496304,-20.7637482,-1
430,-21.4624043,-21.6923561,-1
431,-17.1476002,23.2158775,-1
432,21.5712357,11.3955755,-1
433,-8.55454445,23.084528,-1
434,7.33171129,22.9559097,-1
435,21.9778957,20.3648071,-1
436,21.5799618,-2.34972692,-1
437,22.7062283,-4.82508183,-1
438,-1.80366397,-23.3725853,-1
439,-22.3671951,1.98199618,-1
440,22.6060753,1.58304906,-1
441,21.6956139,-8.32876873,-1
442,-10.8037653,23.0389729,-1
443,-23.7327938,7.30244541,-1
444,5.72866964,24.3396339,-1
445,3.35875249,22.3956375,-1
446,-22.4052753,4.79881287,-1
447,21.6981773,7.21364594,-1
448,14.9228554,-22.6644135,-1
449,-21.1073132,-14.195549,-1
450,-8.29277515,-23.8091068,-1
451,-3.79945111,-22.4583149,-1
452,23.1722488,5.54264307,-1
453,-0.892824113,22.0154877,-1
454,-22.7044258,-4.16716528,-1
455,4.72722197,-23.0624294,-1
456,-23.5789566,-0.562872231,-1
457,0.327023119,-21.8966885,-1
458,-10.0273514,-21.1927834,-1
459,-21.6144428,-7.50551653,-1
460,8.16881275,-21.5048828,-1
461,-6.42155457,22.6663818,-1
462,-24.1444492,9.23747444,-1
463,-23.0107307,16.6915035,-1
464,-4.56939268,21.4870453,-1
465,-21.3573761,-10.817071,-1
466,11.8952007,-22.2481575,-1
467,-15.1192198,-22.2200298,-1
468,8.81513691,21.6341496,-1
469,20.7918339,-11.8787613,-1
470,22.342104,-14.2820797,-1
471,-12.7993717,-20.7270889,-1
472,-21.8227215,13.7600918,-1
473,22.4669514,17.7557507,-1
474,-24.8787365,22.1016846,-1
475,-21.2705288,-24.5521488,-1
476,15.044178,21.4903393,-1
477,18.2744579,20.5942879,-1
478,19.5530148,-20.3981247,-1
479,-20.2189007,-16.8323174,-1
480,-19.5362511,-18.6055927,-1
481,15.2475214,-20.3242016,-1
482,-19.1519623,-15.5053749,-1
483,-18.322197,19.2668076,-1
484,20.1580467,0.0736668929,-1
485,19.1266499,-3.71912527,-1
486,-15.9049835,20.9990234,-1
487,-8.6495657,20.8643341,-1
488,21.0307617,3.84463382,-1
489,20.6329365,9.08225155,-1
490,20.4413471,-6.06663847,-1
491,-21.9375153,6.94469595,-1
492,-7.12077045,21.0761127,-1
493,0.955606461,20.1196117,-1
494,5.35482645,20.7739353,-1
495,-19.9829731,4.56417894,-1
496,-6.09780741,-20.8946667,-1
497,-20.0593815,15.9802446,-1
498,8.14830208,19.4685078,-1
499,19.6452332,5.9489994,-1
500,-2.27909136,-20.6137428,-1
501,-19.848568,-0.0140478527,-1
502,-1.3628577,-19.1356888,-1
503,-21.2509518,-2.00919294,-1
504,3.30765367,-20.7051182,-1
505,-19.5244942,-12.330266,-1
506,12.6191683,-19.7123661,-1
507,19.8970699,-15.4325409,-1
508,-20.3151245,-5.50348806,-1
509,5.59698582,-18.8046188,-1
510,-10.3916731,-18.2935562,-1
511,-21.9242821,9.20652866,-1
512,-2.91460299,19.8413715,-1
513,-19.6266041,-8.91419315,-1
514,9.93329334,-18.482439,-1
515,8.67335701,18.284584,-1
516,-6.14196157,19.7875137,-1
517,19.5266743,-9.63852787,-1
518,19.812273,13.117815,-1
519,-19.6412849,13.5010605,-1
520,-19.5333252,11.1832962,-1
521,18.7804356,-13.1026888,-1
522,19.9349842,15.3758459,-1
523,-18.1834469,-21.2781429,-1
524,12.0312328,20.5259132,-1
525,20.7109375,-18.327425,-1
526,-16.2398758,-18.8787117,-1
527,15.7614689,-18.2228947,-1
528,-17.7028637,-17.1663227,-1
529,-14.5387926,18.8940945,-1
530,13.6518726,-17.4287968,-1
531,17.670248,-1.35980821,-1
532,18.6585827,2.40730333,-1
533,-17.6516953,-13.8209362,-1
534,17.2583752,4.71503162,-1
535,-9.79535484,17.9773865,-1
536,-17.4419479,3.85371518,-1
537,-4.12162733,-18.9032154,-1
538,16.7857132,-5.14637899,-1
539,-18.4245129,1.78330982,-1
540,-2.18661118,-17.5379372,-1
541,-17.4243832,-1.44112217,-1
542,2.69504929,18.3393002,-1
543,2.18017268,-18.8636684,-1
544,-18.005743,16.158926,-1
545,6.30583525,18.5102787,-1
546,-17.7300835,-10.3946552,-1
547,18.564352,8.11246395,-1
548,11.5869417,-16.0283852,-1
549,-1.22689497,17.9210243,-1
550,-7.9112668,18.7463512,-1
551,-18.8629169,-3.45667529,-1
552,-4.81893444,18.027792,-1
553,3.03359127,-16.5068245,-1
554,7.67317915,17.0227299,-1
555,18.1847916,-7.41206694,-1
556,-18.0781326,-6.92733002,-1
557,-19.6033287,6.59271669,-1
558,7.56311226,-16.5167923,-1
559,-8.13315964,-18.5778675,-1
560,16.7606525,-14.2226563,-1
561,17.8389969,10.4342175,-1
562,-14.5241642,-16.8976784,-1
563,17.4470329,15.3907413,-1
564,-17.4528351,13.5088673,-1
565,17.422781,-10.9550734,-1
566,-11.2684803,-16.707922,-1
567,17.4908218,12.8687096,-1
568,-17.0363655,10.9824724,-1
569,10.1926556,18.104948,-1
570,12.3734627,17.9785824,-1
571,14.9672441,-15.5352306,-1
572,-16.0017757,-15.3782625,-1
573,17.5968361,17.9538612,-1
574,14.7451172,3.3764677,-1
575,16.1903801,1.00774848,-1
576,-11.6670351,17.244215,-1
577,-14.8461523,2.81463099,-1
578,13.3467979,-13.9719496,-1
579,-14.1214275,-13.4598503,-1
580,-3.16666818,-15.4184647,-1
581,16.0823612,7.0947423,-1
582,-16.0636635,0.626269281,-1
583,0.0643843785,-16.8505421,-1
584,15.2474489,-2.79107141,-1
585,-8.72681141,15.6111593,-1
586,-3.29849219,15.9896288,-1
587,0.533149421,15.9693441,-1
588,-6.74859571,16.6517792,-1
589,-13.9236565,-9.8626585,-1
590,9.50317669,-14.1003103,-1
591,-13.6547623,16.5561142,-1
592,4.35802078,16.58535,-1
593,14.5232077,-6.58068228,-1
594,-15.0157518,-2.77454209,-1
595,1.54467046,-13.7269249,-1
596,-16.8358727,6.05469322,-1
597,15.315321,-12.3297062,-1
598,-5.53802347,-16.773468,-1
599,-16.5381851,-4.87197924,-1
600,15.9680643,-8.79968357,-1
601,5.3843627,-14.3437338,-1
602,6.18824291,15.0670538,-1
603,15.4180937,9.71866322,-1
604,14.8534164,15.2547197,-1
605,-12.5907288,-15.0362759,-1
606,-12.8390493,14.0715513,-1
607,15.0327091,12.4586363,-1
608,-9.09974384,-15.546917,-1
609,-14.4717083,11.0569611,-1
610,9.51337719,16.0673275,-1
611,-16.1334038,18.0861664,-1
612,11.9443846,14.9354982,-1
613,12.9402552,5.91684389,-1
614,12.3832169,1.90243578,-1
615,-12.4214334,1.55920434,-1
616,-0.773854852,-14.5197086,-1
617,-5.35927963,14.4069014,-1
618,-1.58511925,13.8010235,-1
619,-7.44415236,13.1763306,-1
620,13.7004747,-0.386359245,-1
621,-13.5791883,-0.577115893,-1
622,-14.3293428,-6.25822449,-1
623,0.453783482,-11.3226662,-1
624,7.34030914,-11.8851728,-1
625,12.9642553,-4.19406843,-1
626,-13.3916426,5.34571171,-1
627,2.41939712,14.1043386,-1
628,12.2063675,-7.98428726,-1
629,12.7560987,9.0816679,-1
630,-4.16352558,-12.8600969,-1
631,-12.7485533,-4.04844713,-1
632,3.53665733,-12.267355,-1
633,4.498909,12.412158,-1
634,-10.4165745,-13.2747803,-1
635,-11.9360523,11.4956131,-1
636,12.5199966,11.9332876,-1
637,-6.68428564,-14.1619873,-1
638,8.12097263,14.0097532,-1
639,10.0079622,11.3153639,-1
640,-6.0313096,10.5999918,-1
641,-9.56564331,0.838920593,-1
642,9.5547905,0.968575299,-1
643,0.0786328167,-8.66394711,-1
644,9.63273239,6.2082119,-1
645,9.27490711,-9.23555183,-1
646,-10.7948179,-5.28450632,-1
647,0.311994612,11.5742254,-1
648,4.98253679,-9.96341515,-1
649,9.29708004,-6.54901218,-1
650,10.1084614,8.87831688,-1
651,-9.37576008,-8.85700226,-1
652,-8.37069607,9.53590012,-1
653,-10.0015612,6.01384783,-1
654,-5.13007307,-10.0288944,-1
655,-11.9659691,-11.3989763,-1
656,-10.6966057,14.7698154,-1
657,11.4658165,-11.9403715,-1
658,6.88658094,10.9392262,-1
659,-11.0522509,-1.70616937,-1
660,2.14306545,-10.7919397,-1
661,7.93983746,8.8737812,-1
662,-3.77411294,11.9948616,-1
663,11.4781494,3.66847301,-1
664,4.63454247,8.03179741,-1
665,-11.6963043,3.29540563,-1
666,-1.73055339,-11.9366674,-1
667,11.1747265,-1.68236756,-1
668,-7.31038713,-4.87871456,-1
669,7.39381552,-4.99144268,-1
670,-4.51233721,7.90197849,-1
671,-9.23905945,-6.30326986,-1
672,10.9402771,-5.51630545,-1
673,-10.9944096,8.78312492,-1
674,-13.8651705,8.35752773,-1
675,-7.91031981,-11.4971247,-1
676,-12.1561041,-7.59122467,-1
677,-16.7852974,8.48523617,-1
678,-9.59030342,12.2311821,-1
679,9.92937565,13.3534775,-1
680,-15.97966,-8.36981487,-1
681,13.6941538,-10.2607241,-1
682,-19.4790516,8.85198307,-1
683,-15.1367407,13.6619043,-1
684,-15.8369637,-11.9037323,-1
685,14.9585199,18.156599,-1
686,-15.7901239,16.1239815,-1
687,-22.0442562,11.5860977,-1
688,0.337938398,-19.1527348,-1
689,3.56867671,-26.2282562,-1
690,19.9233418,11.0152359,-1
691,-20.2553024,2.844733,-1
692,-11.5395985,-19.629858,-1
693,7.53512335,20.5915051,-1
694,9.32680225,24.0900784,-1
695,10.755703,22.4615822,-1
696,-10.5055952,20.4578323,-1
697,-15.2849922,25.9997864,-1
698,-13.0114279,-18.2592258,-1
699,25.9029579,0.948452652,-1
700,9.85128975,19.9587364,-1
701,23.1781807,8.54052639,-1
702,22.5437679,10.1672335,-1
703,16.1458511,-16.6353092,-1
704,-12.4537802,-22.3045292,-1
705,20.1177063,19.5417614,-1
706,-24.4298973,-9.35742569,-1
707,17.7447815,-16.149025,-1
708,11.1226282,24.7417336,-1
709,-15.3254585,23.9680119,-1
710,12.7569609,23.5795708,-1
711,22.7151299,-10.5264158,-1
712,-13.4536066,22.7216606,-1
713,22.4653111,15.2406406,-1
714,20.0256462,17.6299267,-1
715,-26.4560738,10.619771,-1
716,-21.5710735,15.4883366,-1
717,-12.5357714,19.8685398,-1
718,23.5399151,-12.3174629,-1
719,17.9529972,-18.2856808,-1
720,22.1365776,12.927515,-1
721,17.5990772,-20.4321613,-1
722,-14.3858042,-20.057148,-1
723,13.9223423,25.5314922,-1
724,-36,36,0
725,-36,-36,0
726,36,36,0
727,36,-36,0
728,-5.19615221,-3,0
729,-3,-5.19615221,0
730,0,-6,0
731,3,-5.19615221,0
732,5.19615221,-3,0
733,-6,0,0
734,6,0,0
735,5.19615221,3,0
736,3,5.19615221,0
737,0,6,0
738,-3,5.19615221,0
739,-5.19615221,3,0
740,-36,33,0
741,-36,30,0
742,-36,27,0
743,-36,24,0
744,-36,21,0
745,-36,18,0
746,-36,15,0
747,-36,12,0
748,-36,9,0
749,-36,6,0
750,-36,3,0
751,-36,0,0
752,-36,-3,0
753,-36,-6,0
754,-36,-9,0
755,-36,-12,0
756,-36,-15,0
757,-36,-18,0
758,-36,-21,0
759,-36,-24,0
760,-36,-27,0
761,-36,-30,0
762,-36,-33,0
763,33,36,0
764,30,36,0
765,27,36,0
766,24,36,0
767,21,36,0
768,18,36,0
769,15,36,0
770,12,36,0
771,9,36,0
772,6,36,0
773,3,36,0
774,0,36,0
775,-3,36,0
776,-6,36,0
777,-9,36,0
778,-12,36,0
779,-15,36,0
780,-18,36,0
781,-21,36,0
782,-24,36,0
783,-27,36,0
784,-30,36,0
785,-33,36,0
786,36,-33,0
787,36,-30,0
788,36,-27,0
789,36,-24,0
790,36,-21,0
791,36,-18,0
792,36,-15,0
793,36,-12,0
794,36,-9,0
795,36,-6,0
796,36,-3,0
797,36,0,0
798,36,3,0
799,36,6,0
800,36,9,0
801,36,12,0
802,36,15,0
803,36,18,0
804,36,21,0
805,36,24,0
806,36,27,0
807,36,30,0
808,36,33,0
809,-33,-36,0
810,-30,-36,0
811,-27,-36,0
812,-24,-36,0
813,-21,-36,0
814,-18,-36,0
815,-15,-36,0
816,-12,-36,0
817,-9,-36,0
818,-6,-36,0
819,-3,-36,0
820,0,-36,0
821,3,-36,0
822,6,-36,0
823,9,-36,0
824,12,-36,0
825,15,-36,0
826,18,-36,0
827,21,-36,0
828,24,-36,0
829,27,-36,0
830,30,-36,0
831,33,-36,0
832,-2.79042482,-33.1980782,0
833,-33.1355247,14.7412844,0
834,-33.3321609,5.81320858,0
835,-6.33969402,33.2162895,0
836,-18.0714359,33.4006729,0
837,33.2969398,6.09976482,0
838,33.1996193,18.0737171,0
839,-11.894002,-33.115406,0
840,-32.9997597,17.7000675,0
841,-9.29681396,33.3337746,0
842,-32.6826782,23.8519859,0
843,-32.8493919,20.7247314,0
844,-33.2704582,11.7453632,0
845,-33.3435097,8.76303577,0
846,-33.3150673,-0.121666744,0
847,-33.3033485,-3.10798502,0
848,-33.0353088,-9.057827,0
849,-32.9818344,-15.0879974,0
850,-33.0180931,-18.1547451,0
851,-33.1098137,-24.1874027,0
852,-33.1187134,-27.1516285,0
853,11.9396467,33.2431488,0
854,8.88816452,33.3049088,0
855,2.7443943,33.1594658,0
856,-0.301128209,33.0755806,0
857,-12.2200537,33.4121819,0
858,-15.1369696,33.438324,0
859,-21.0167084,33.3447151,0
860,-23.9900036,33.2611656,0
861,-26.9863319,33.165535,0
862,-29.9836884,33.07967,0
863,-32.9834175,33.0231171,0
864,33.0466347,-18.0528164,0
865,33.0892067,-11.9377146,0
866,33.064167,-8.86438656,0
867,33.1425133,-2.80798531,0
868,33.2471542,0.162577763,0
869,33.2712708,9.06682014,0
870,33.2342987,12.0565538,0
871,33.2149963,15.0503645,0
872,33.1795769,21.0826588,0
873,33.14711,24.0698261,0
874,33.1096916,27.0610466,0
875,33.0732841,30.0464363,0
876,33.0379257,33.0294495,0
877,-30.0836658,-33.0876389,0
878,-21.0317993,-33.111145,0
879,-17.9992275,-33.1160507,0
880,-14.9527712,-33.1150894,0
881,-8.86142254,-33.1206741,0
882,-5.82784748,-33.1492386,0
883,3.17580533,-33.2998695,0
884,6.12855911,-33.3083687,0
885,12.0501385,-33.239994,0
886,18.0621853,-33.2040176,0
887,21.0641537,-33.1806793,0
888,27.0645351,-33.1188087,0
889,30.0479603,-33.0787392,0
890,33.0307274,-33.0408401,0
891,33.0858688,-15.0174809,0
892,9.07133675,-33.2879562,0
893,0.201911688,-33.270752,0
894,-33.3287163,2.85460138,0
895,-33.1537781,-6.0826292,0
896,-32.9831314,-12.0730228,0
897,-33.0666389,-21.1814022,0
898,21.0115776,32.9940262,0
899,14.9788742,33.1779861,0
900,5.82417297,33.2848854,0
901,-3.32042003,33.1234322,0
902,33.0126038,-21.0521488,0
903,33.0632248,-5.82416487,0
904,33.3059845,3.1218307,0
905,15.0372047,-33.2237892,0
906,24.061388,-33.146698,0
907,-6.98569393,6.62859154,0
908,6.14471388,-7.37337589,0
909,-2.45430708,-8.98376369,0
910,2.57568288,-8.68497562,0
911,2.39518762,9.52283764,0
912,-6.09568834,-7.22433662,0
913,8.97735786,3.43592572,0
914,-2.04451513,9.31789398,0
915,8.98971558,-3.08451009,0
916,6.77882004,6.60893393,0
917,-9.12779808,3.24742126,0
918,-8.84955311,-3.00354004,0
919,-33.0605354,-33.0591583,0
920,-32.7800255,26.9454403,0
921,-24.0680351,-33.1119232,0
922,24.0237389,32.9848099,0
923,32.9995117,-24.0439472,0
924,17.9765797,33.0747223,0
925,-15.2348232,30.8960953,0
926,30.4344482,15.0414543,0
927,-30.3476353,14.3198776,0
928,-6.74843216,30.5307503,0
929,-14.9567966,-30.2877235,0
930,-5.63104963,-30.3365917,0
931,-30.6716328,11.432663,0
932,30.6945667,6.11315346,0
933,-11.8332243,-30.2653503,0
934,-30.7088089,5.66849804,0
935,-9.63827896,30.7467003,0
936,30.3153267,-11.9602728,0
937,30.3492107,21.1036415,0
938,-30.7736015,8.53520107,0
939,-29.0769901,23.6109219,0
940,30.1753941,27.0542469,0
941,30.4134598,18.0658855,0
942,30.4622631,12.0134144,0
943,33.0107002,-27.0510921,0
944,30.5881062,9.01953602,0
945,-30.1892509,-27.2804756,0
946,-30.0781555,-18.3148651,0
947,-8.72807312,-30.2550564,0
948,-20.9124489,30.7101231,0
949,-30.0345726,17.2091675,0
950,-29.8774185,20.2062645,0
951,-27.0859966,-33.1070518,0
952,2.64812207,30.4421501,0
953,-12.4409924,30.8792706,0
954,-18.0494194,30.8471622,0
955,-23.8310337,30.5296955,0
956,-26.8281422,30.3097992,0
957,-32.9044724,30.0094738,0
958,30.3062248,-2.57408023,0
959,30.2564068,24.0749321,0
960,27.0457287,33.0069885,0
961,30.0509205,33.0260429,0
962,-21.092823,-30.2855949,0
963,-18.0447922,-30.2884464,0
964,18.0354939,-30.4331512,0
965,27.0466881,-30.1825638,0
966,33.0272141,-30.054388,0
967,11.8664551,30.6768837,0
968,3.32071757,-30.6980762,0
969,-30.6772747,-3.13373041,0
970,30.6797695,3.22737694,0
971,-2.5334332,-30.4555798,0
972,-30.6496677,2.72524071,0
973,-3.69461036,30.2770424,0
974,14.848237,30.4647694,0
975,8.81259918,30.8013515,0
976,24.0553741,-30.2593918,0
977,14.9988976,-30.4783974,0
978,30.1965961,-8.8157692,0
979,-30.0036621,-15.2382374,0
980,12.0042992,-30.5172749,0
981,0.437511802,-30.6014538,0
982,-30.6096592,-0.242177755,0
983,-30.2052345,-6.01019669,0
984,-30.1866035,-24.354208,0
985,5.7736249,30.787426,0
986,-0.555818081,30.109724,0
987,30.2834778,-15.0416403,0
988,30.5760288,0.354778677,0
989,6.205863,-30.6708698,0
990,29.989872,-21.0637627,0
991,30.1383114,-18.0695133,0
992,-29.9989262,-9.08182907,0
993,-30.1459694,-21.3616924,0
994,9.07108593,-30.5932903,0
995,21.054491,-30.348011,0
996,-29.9674587,-12.1932411,0
997,30.0883484,-5.64623117,0
998,-29.8485966,30.1055679,0
999,30.1041622,30.0384655,0
1000,30.032896,-30.1064034,0
1001,-33.097126,-30.1035442,0
1002,20.907732,29.943819,0
1003,29.9839096,-27.0957661,0
1004,-27.1600533,-30.2386322,0
1005,27.0899487,29.9857407,0
1006,-2.18120813,-27.78265,0
1007,-28.0019836,2.71180129,0
1008,5.87246132,28.6259995,0
1009,2.93679214,27.998106,0
1010,-0.696939528,26.7468662,0
1011,8.69325161,28.5018005,0
1012,-5.3983264,-27.5776329,0
1013,-28.0816078,5.62011528,0
1014,-26.9339504,-5.48560572,0
1015,6.17676544,-28.0771122,0
1016,0.785087168,-27.9237652,0
1017,-27.5983543,-0.567414522,0
1018,11.6394148,28.3120327,0
1019,27.6477814,11.8718672,0
1020,28.2423916,6.03788137,0
1021,27.9169292,8.80401611,0
1022,-28.4838161,-3.026963,0
1023,3.43022132,-28.2568321,0
1024,-8.56514549,-27.3037682,0
1025,-11.796422,-27.4200287,0
1026,-28.3233738,8.38399124,0
1027,-28.2948647,11.0816431,0
1028,28.0897751,3.32573891,0
1029,27.5217705,-2.14256358,0
1030,26.8583336,-5.45885897,0
1031,28.0395317,0.623865843,0
1032,27.4998894,-8.97883415,0
1033,-23.4747581,27.8075199,0
1034,27.7421379,-12.0727615,0
1035,-20.6603527,28.0817413,0
1036,23.9584217,-27.2986012,0
1037,-27.2483101,-24.4843922,0
1038,-17.9493065,28.2942085,0
1039,20.9426918,-27.5332832,0
1040,-27.2585602,-21.5408173,0
1041,-4.2410574,27.5288029,0
1042,17.9261551,-27.7352085,0
1043,-27.2283936,-18.5447712,0
1044,-15.2816296,28.4083881,0
1045,-15.0330439,-27.4881668,0
1046,14.5287533,27.8693962,0
1047,-27.0701141,-9.14043808,0
1048,8.9671545,-27.8495598,0
1049,27.690361,14.9755983,0
1050,-27.6415195,13.6416597,0
1051,27.2986488,24.0107975,0
1052,26.8519363,-20.9982338,0
1053,27.6087761,-15.0078135,0
1054,-12.6651411,28.3566799,0
1055,-7.26510811,27.9667416,0
1056,-10.037838,28.2221813,0
1057,-27.1109219,-15.4948149,0
1058,14.9093781,-27.7917824,0
1059,27.5266647,21.0227299,0
1060,-27.0354347,21.7501659,0
1061,-27.2434158,19.6089077,0
1062,27.6771698,18.0097694,0
1063,27.2578163,-17.9739552,0
1064,-26.8614311,16.5765972,0
1065,-18.1249542,-27.4603653,0
1066,-21.1697559,-27.4445629,0
1067,-26.9731121,-12.3863926,0
1068,11.8960743,-27.7788277,0
1069,24.0053043,29.9137344,0
1070,-29.5677223,27.0191422,0
1071,29.9505939,-24.0592842,0
1072,-24.1383648,-30.2696743,0
1073,17.8337021,30.168251,0
1074,27.153801,26.9617405,0
1075,26.9531422,-27.1562843,0
1076,-26.4522381,27.4368057,0
1077,23.9837112,26.808897,0
1078,26.8468819,-24.0721912,0
1079,-25.7708988,24.6718006,0
1080,20.6894169,26.7673607,0
1081,-24.2096939,-27.4237309,0
1082,17.7674828,-25.1379948,0
1083,-24.3712063,-15.8734608,0
1084,24.57901,-17.5871639,0
1085,14.8452816,-25.157938,0
1086,-17.7303905,25.7696552,0
1087,-12.9297371,25.7504768,0
1088,-24.8082542,17.7201347,0
1089,24.1459522,23.7719975,0
1090,24.6790485,20.8347664,0
1091,23.7441559,-24.2246265,0
1092,-24.4995327,-18.8157749,0
1093,-24.4035053,-21.6868629,0
1094,20.7244854,-24.7587719,0
1095,-22.858696,25.0504551,0
1096,-20.2160587,25.3903904,0
1097,-23.9594593,-6.52396297,0
1098,5.8050909,-25.4683762,0
1099,4.01178503,25.9400558,0
1100,24.4384689,-1.12447286,0
1101,6.04234743,27.0284557,0
1102,25.1305981,8.09988308,0
1103,24.6798229,11.6791134,0
1104,1.41149414,24.2807369,0
1105,24.6109695,-3.81946516,0
1106,24.082159,-7.08038092,0
1107,-26.081789,8.53790092,0
1108,-7.96055508,25.4463024,0
1109,-10.4956665,25.6514969,0
1110,-24.6526203,19.5965633,0
1111,-18.2131214,-24.5533924,0
1112,-25.1262169,-2.74013662,0
1113,1.54300082,-24.835104,0
1114,8.22551632,26.1152115,0
1115,-1.84462428,-25.3041859,0
1116,-4.92955637,-24.8914642,0
1117,-25.3812084,2.77989101,0
1118,-25.2091789,5.74858522,0
1119,-25.527586,0.557108998,0
1120,-30.1457024,-30.1805916,0
1121,26.2318764,5.92447042,0
1122,25.099308,3.46421719,0
1123,25.0064087,-9.60694695,0
1124,25.0886536,-14.8128328,0
1125,-2.87022138,23.7463055,0
1126,-5.32130718,24.894825,0
1127,25.0150814,17.9179668,0
1128,-24.1258316,14.6822195,0
1129,25.4021072,-12.2453642,0
1130,-11.9407043,-24.6685886,0
1131,-15.1561279,-24.7530289,0
1132,11.3014383,26.2473564,0
1133,-23.7471981,-12.596097,0
1134,-22.5268726,-9.2538147,0
1135,11.7899475,-24.9789181,0
1136,8.67340946,-24.9223671,0
1137,25.0403786,14.9828882,0
1138,-24.85462,12.0705385,0
1139,-27.2117844,-27.3624134,0
1140,17.4893322,27.245842,0
1141,16.7373428,24.3745193,0
1142,-24.293087,-24.553421,0
1143,17.6113205,-22.7081718,0
1144,-21.9432507,-16.468441,0
1145,20.3131733,-22.2064819,0
1146,20.3608284,23.2532253,0
1147,-21.885252,-18.9756489,0
1148,-19.4916248,22.4963322,0
1149,-22.0792427,22.1706429,0
1150,-21.4809628,18.8378639,0
1151,22.5814915,-16.8079567,0
1152,23.3496304,-20.7637482,0
1153,-21.4624043,-21.6923561,0
1154,-17.1476002,23.2158775,0
1155,21.5712357,11.3955755,0
1156,-8.55454445,23.084528,0
1157,7.33171129,22.9559097,0
1158,21.9778957,20.3648071,0
1159,21.5799618,-2.34972692,0
1160,22.7062283,-4.82508183,0
1161,-1.80366397,-23.3725853,0
1162,-22.3671951,1.98199618,0
1163,22.6060753,1.58304906,0
1164,21.6956139,-8.32876873,0
1165,-10.8037653,23.0389729,0
1166,-23.7327938,7.30244541,0
1167,5.72866964,24.3396339,0
1168,3.35875249,22.3956375,0
1169,-22.4052753,4.79881287,0
1170,21.6981773,7.21364594,0
1171,14.9228554,-22.6644135,0
1172,-21.1073132,-14.195549,0
1173,-8.29277515,-23.8091068,0
1174,-3.79945111,-22.4583149,0
1175,23.1722488,5.54264307,0
1176,-0.892824113,22.0154877,0
1177,-22.7044258,-4.16716528,0
1178,4.72722197,-23.0624294,0
1179,-23.5789566,-0.562872231,0
1180,0.327023119,-21.8966885,0
1181,-10.0273514,-21.1927834,0
1182,-21.6144428,-7.50551653,0
1183,8.16881275,-21.5048828,0
1184,-6.42155457,22.6663818,0
1185,-24.1444492,9.23747444,0
1186,-23.0107307,16.6915035,0
1187,-4.56939268,21.4870453,0
1188,-21.3573761,-10.817071,0
1189,11.8952007,-22.2481575,0
1190,-15.1192198,-22.2200298,0
1191,8.81513691,21.6341496,0
1192,20.7918339,-11.8787613,0
1193,22.342104,-14.2820797,0
1194,-12.7993717,-20.7270889,0
1195,-21.8227215,13.7600918,0
1196,22.4669514,17.7557507,0
1197,-24.8787365,22.1016846,0
1198,-21.2705288,-24.5521488,0
1199,15.044178,21.4903393,0
1200,18.2744579,20.5942879,0
1201,19.5530148,-20.3981247,0
1202,-20.2189007,-16.8323174,0
1203,-19.5362511,-18.6055927,0
1204,15.2475214,-20.3242016,0
1205,-19.1519623,-15.5053749,0
1206,-18.322197,19.2668076,0
1207,20.1580467,0.0736668929,0
1208,19.1266499,-3.71912527,0
1209,-15.9049835,20.9990234,0
1210,-8.6495657,20.8643341,0
1211,21.0307617,3.84463382,0
1212,20.6329365,9.08225155,0
1213,20.4413471,-6.06663847,0
1214,-21.9375153,6.94469595,0
1215,-7.12077045,21.0761127,0
1216,0.955606461,20.1196117,0
1217,5.35482645,20.7739353,0
1218,-19.9829731,4.56417894,0
1219,-6.09780741,-20.8946667,0
1220,-20.0593815,15.9802446,0
1221,8.14830208,19.4685078,0
1222,19.6452332,5.9489994,0
1223,-2.27909136,-20.6137428,0
1224,-19.848568,-0.0140478527,0
1225,-1.3628577,-19.1356888,0
1226,-21.2509518,-2.00919294,0
1227,3.30765367,-20.7051182,0
1228,-19.5244942,-12.330266,0
1229,12.6191683,-19.7123661,0
1230,19.8970699,-15.4325409,0
1231,-20.3151245,-5.50348806,0
1232,5.59698582,-18.8046188,0
1233,-10.3916731,-18.2935562,0
1234,-21.9242821,9.20652866,0
1235,-2.91460299,19.8413715,0
1236,-19.6266041,-8.91419315,0
1237,9.93329334,-18.482439,0
1238,8.67335701,18.284584,0
1239,-6.14196157,19.7875137,0
1240,19.5266743,-9.63852787,0
1241,19.812273,13.117815,0
1242,-19.6412849,13.5010605,0
1243,-19.5333252,11.1832962,0
1244,18.7804356,-13.1026888,0
1245,19.9349842,15.3758459,0
1246,-18.1834469,-21.2781429,0
1247,12.0312328,20.5259132,0
1248,20.7109375,-18.327425,0
1249,-16.2398758,-18.8787117,0
1250,15.7614689,-18.2228947,0
1251,-17.7028637,-17.1663227,0
1252,-14.5387926,18.8940945,0
1253,13.6518726,-17.4287968,0
1254,17.670248,-1.35980821,0
1255,18.6585827,2.40730333,0
1256,-17.6516953,-13.8209362,0
1257,17.2583752,4.71503162,0
1258,-9.79535484,17.9773865,0
1259,-17.4419479,3.85371518,0
1260,-4.12162733,-18.9032154,0
1261,16.7857132,-5.14637899,0
1262,-18.4245129,1.78330982,0
1263,-2.18661118,-17.5379372,0
1264,-17.4243832,-1.44112217,0
1265,2.69504929,18.3393002,0
1266,2.18017268,-18.8636684,0
1267,-18.005743,16.158926,0
1268,6.30583525,18.5102787,0
1269,-17.7300835,-10.3946552,0
1270,18.564352,8.11246395,0
1271,11.5869417,-16.0283852,0
1272,-1.22689497,17.9210243,0
1273,-7.9112668,18.7463512,0
1274,-18.8629169,-3.45667529,0
1275,-4.81893444,18.027792,0
1276,3.03359127,-16.5068245,0
1277,7.67317915,17.0227299,0
1278,18.1847916,-7.41206694,0
1279,-18.0781326,-6.92733002,0
1280,-19.6033287,6.59271669,0
1281,7.56311226,-16.5167923,0
1282,-8.13315964,-18.5778675,0
1283,16.7606525,-14.2226563,0
1284,17.8389969,10.4342175,0
1285,-14.5241642,-16.8976784,0
1286,17.4470329,15.3907413,0
1287,-17.4528351,13.5088673,0
1288,17.422781,-10.9550734,0
1289,-11.2684803,-16.707922,0
1290,17.4908218,12.8687096,0
1291,-17.0363655,10.9824724,0
1292,10.1926556,18.104948,0
1293,12.3734627,17.9785824,0
1294,14.9672441,-15.5352306,0
1295,-16.0017757,-15.3782625,0
1296,17.5968361,17.9538612,0
1297,14.7451172,3.3764677,0
1298,16.1903801,1.00774848,0
1299,-11.6670351,17.244215,0
1300,-14.8461523,2.81463099,0
1301,13.3467979,-13.9719496,0
1302,-14.1214275,-13.4598503,0
1303,-3.16666818,-15.4184647,0
1304,16.0823612,7.0947423,0
1305,-16.0636635,0.626269281,0
1306,0.0643843785,-16.8505421,0
1307,15.2474489,-2.79107141,0
1308,-8.72681141,15.6111593,0
1309,-3.29849219,15.9896288,0
1310,0.533149421,15.9693441,0
1311,-6.74859571,16.6517792,0
1312,-13.9236565,-9.8626585,0
1313,9.50317669,-14.1003103,0
1314,-13.6547623,16.5561142,0
1315,4.35802078,16.58535,0
1316,14.5232077,-6.58068228,0
1317,-15.0157518,-2.77454209,0
1318,1.54467046,-13.7269249,0
1319,-16.8358727,6.05469322,0
1320,15.315321,-12.3297062,0
1321,-5.53802347,-16.773468,0
1322,-16.5381851,-4.87197924,0
1323,15.9680643,-8.79968357,0
1324,5.3843627,-14.3437338,0
1325,6.18824291,15.0670538,0
1326,15.4180937,9.71866322,0
1327,14.8534164,15.2547197,0
1328,-12.5907288,-15.0362759,0
1329,-12.8390493,14.0715513,0
1330,15.0327091,12.4586363,0
1331,-9.09974384,-15.546917,0
1332,-14.4717083,11.0569611,0
1333,9.51337719,16.0673275,0
1334,-16.1334038,18.0861664,0
1335,11.9443846,14.9354982,0
1336,12.9402552,5.91684389,0
1337,12.3832169,1.90243578,0
1338,-12.4214334,1.55920434,0
1339,-0.773854852,-14.5197086,0
1340,-5.35927963,14.4069014,0
1341,-1.58511925,13.8010235,0
1342,-7.44415236,13.1763306,0
1343,13.7004747,-0.386359245,0
1344,-13.5791883,-0.577115893,0
1345,-14.3293428,-6.25822449,0
1346,0.453783482,-11.3226662,0
1347,7.34030914,-11.8851728,0
1348,12.9642553,-4.19406843,0
1349,-13.3916426,5.34571171,0
1350,2.41939712,14.1043386,0
1351,12.2063675,-7.98428726,0
1352,12.7560987,9.0816679,0
1353,-4.16352558,-12.8600969,0
1354,-12.7485533,-4.04844713,0
1355,3.53665733,-12.267355,0
1356,4.498909,12.412158,0
1357,-10.4165745,-13.2747803,0
1358,-11.9360523,11.4956131,0
1359,12.5199966,11.9332876,0
1360,-6.68428564,-14.1619873,0
1361,8.12097263,14.0097532,0
1362,10.0079622,11.3153639,0
1363,-6.0313096,10.5999918,0
1364,-9.56564331,0.838920593,0
1365,9.5547905,0.968575299,0
1366,0.0786328167,-8.66394711,0
1367,9.63273239,6.2082119,0
1368,9.27490711,-9.23555183,0
1369,-10.7948179,-5.28450632,0
1370,0.311994612,11.5742254,0
1371,4.98253679,-9.96341515,0
1372,9.29708004,-6.54901218,0
1373,10.1084614,8.87831688,0
1374,-9.37576008,-8.85700226,0
1375,-8.37069607,9.53590012,0
1376,-10.0015612,6.01384783,0
1377,-5.13007307,-10.0288944,0
1378,-11.9659691,-11.3989763,0
1379,-10.6966057,14.7698154,0
1380,11.4658165,-11.9403715,0
1381,6.88658094,10.9392262,0
1382,-11.0522509,-1.70616937,0
1383,2.14306545,-10.7919397,0
1384,7.93983746,8.8737812,0
1385,-3.77411294,11.9948616,0
1386,11.4781494,3.66847301,0
1387,4.63454247,8.03179741,0
1388,-11.6963043,3.29540563,0
1389,-1.73055339,-11.9366674,0
1390,11.1747265,-1.68236756,0
1391,-7.31038713,-4.87871456,0
1392,7.39381552,-4.99144268,0
1393,-4.51233721,7.90197849,0
1394,-9.23905945,-6.30326986,0
1395,10.9402771,-5.51630545,0
1396,-10.9944096,8.78312492,0
1397,-13.8651705,8.35752773,0
1398,-7.91031981,-11.4971247,0
1399,-12.1561041,-7.59122467,0
1400,-16.7852974,8.48523617,0
1401,-9.59030342,12.2311821,0
1402,9.92937565,13.3534775,0
1403,-15.97966,-8.36981487,0
1404,13.6941538,-10.2607241,0
1405,-19.4790516,8.85198307,0
1406,-15.1367407,13.6619043,0
1407,-15.8369637,-11.9037323,0
1408,14.9585199,18.156599,0
1409,-15.7901239,16.1239815,0
1410,-22.0442562,11.5860977,0
1411,0.337938398,-19.1527348,0
1412,3.56867671,-26.2282562,0
1413,19.9233418,11.0152359,0
1414,-20.2553024,2.844733,0
1415,-11.5395985,-19.629858,0
1416,7.53512335,20.5915051,0
1417,9.32680225,24.0900784,0
1418,10.755703,22.4615822,0
1419,-10.5055952,20.4578323,0
1420,-15.2849922,25.9997864,0
1421,-13.0114279,-18.2592258,0
1422,25.9029579,0.948452652,0
1423,9.85128975,19.9587364,0
1424,23.1781807,8.54052639,0
1425,22.5437679,10.1672335,0
1426,16.1458511,-16.6353092,0
1427,-12.4537802,-22.3045292,0
1428,20.1177063,19.5417614,0
1429,-24.4298973,-9.35742569,0
1430,17.7447815,-16.149025,0
1431,11.1226282,24.7417336,0
1432,-15.3254585,23.9680119,0
1433,12.7569609,23.5795708,0
1434,22.7151299,-10.5264158,0
1435,-13.4536066,22.7216606,0
1436,22.4653111,15.2406406,0
1437,20.0256462,17.6299267,0
1438,-26.4560738,10.619771,0
1439,-21.5710735,15.4883366,0
1440,-12.5357714,19.8685398,0
1441,23.5399151,-12.3174629,0
1442,17.9529972,-18.2856808,0
1443,22.1365776,12.927515,0
1444,17.5990772,-20.4321613,0
1445,-14.3858042,-20.057148,0
1446,13.9223423,25.5314922,0
