  1,  117,  120,   21,   22,  840,  843,  744,  745
  2,   54,  118,  112,   53,  777,  841,  835,  776
  3,  251,  350,  201,  176,  974, 1073,  924,  899
  4,  332,  318,  250,  205, 1055, 1041,  973,  928
  5,   69,  168,  141,   68,  792,  891,  864,  791
  6,  160,   98,   99,  161,  883,  821,  822,  884
  7,   39,  196,  278,   38,  762,  919, 1001,  761
  8,   97,  170,  109,   96,  820,  893,  832,  819
  9,  240,  206,  322,  342,  963,  929, 1045, 1065
 10,  158,   94,   95,  159,  881,  817,  818,  882
 11,  103,  163,  182,  102,  826,  886,  905,  825
 12,  436,  437,  382,  377, 1159, 1160, 1105, 1100
 13,  296,  298,  221,  219, 1019, 1021,  944,  942
 14,  176,  130,  244,  251,  899,  853,  967,  974
 15,  214,  218,  115,  149,  937,  941,  838,  872
 16,  135,   56,   57,  113,  858,  779,  780,  836
 17,  204,  110,  121,  208,  927,  833,  844,  931
 18,  123,  259,  249,  171,  846,  982,  972,  894
 19,  140,   62,    1,   17,  863,  785,  724,  740
 20,  139,   61,   62,  140,  862,  784,  785,  863
 21,  233,  275,  347,  353,  956,  998, 1070, 1076
 22,  234,   18,   19,  197,  957,  741,  742,  920
 23,  216,  347,  197,  119,  939, 1070,  920,  842
 24,  120,  119,   20,   21,  843,  842,  743,  744
 25,  290,  395,  384,  303, 1013, 1118, 1107, 1026
 26,  121,  110,   23,   24,  844,  833,  746,  747
 27,  208,  215,  303,  304,  931,  938, 1026, 1027
 28,  171,  111,   26,   27,  894,  834,  749,  750
 29,   27,   28,  123,  171,  750,  751,  846,  894
 30,   28,   29,  124,  123,  751,  752,  847,  846
 31,  172,  124,   29,   30,  895,  847,  752,  753
 32,   30,   31,  125,  172,  753,  754,  848,  895
 33,  173,  125,   31,   32,  896,  848,  754,  755
 34,  116,  158,  224,  210,  839,  881,  947,  933
 35,   32,   33,  126,  173,  755,  756,  849,  896
 36,   33,   34,  127,  126,  756,  757,  850,  849
 37,  174,  127,   34,   35,  897,  850,  757,  758
 38,   35,   36,  128,  174,  758,  759,  851,  897
 39,   36,   37,  129,  128,  759,  760,  852,  851
 40,  153,   85,    3,   40,  876,  808,  726,  763
 41,  152,   84,   85,  153,  875,  807,  808,  876
 42,  366,  328,  351,  354, 1089, 1051, 1074, 1077
 43,  148,  115,  218,  203,  871,  838,  941,  926
 44,  114,  146,  221,  209,  837,  869,  944,  932
 45,  237,   42,   43,  199,  960,  765,  766,  922
 46,   45,  201,  175,   44,  768,  924,  898,  767
 47,  176,   46,   47,  130,  899,  769,  770,  853
 48,   48,  131,  130,   47,  771,  854,  853,  770
 49,   50,  132,  177,   49,  773,  855,  900,  772
 50,  262,  252,  131,  177,  985,  975,  854,  900
 51,   51,  133,  132,   50,  774,  856,  855,  773
 52,   16,   15,  670,  184,  739,  738, 1393,  907
 53,  230,  202,  321,  331,  953,  925, 1044, 1054
 54,  338,  387,  474,  337, 1061, 1110, 1197, 1060
 55,   58,  136,  113,   57,  781,  859,  836,  780
 56,  136,   58,   59,  137,  859,  781,  782,  860
 57,   61,  139,  138,   60,  784,  862,  861,  783
 58,  167,  108,    4,   63,  890,  831,  727,  786
 59,  166,  107,  108,  167,  889,  830,  831,  890
 60,  183,  165,  242,  253,  906,  888,  965,  976
 61,   66,  200,  220,   65,  789,  923,  943,  788
 62,  200,   66,   67,  179,  923,  789,  790,  902
 63,  254,  257,  162,  182,  977,  980,  885,  905
 64,   70,  142,  168,   69,  793,  865,  891,  792
 65,   71,  143,  142,   70,  794,  866,  865,  793
 66,   73,  144,  180,   72,  796,  867,  903,  795
 67,  142,  143,  255,  213,  865,  866,  978,  936
 68,   74,  145,  144,   73,  797,  868,  867,  796
 69,  181,   75,   76,  114,  904,  798,  799,  837
 70,   77,  146,  114,   76,  800,  869,  837,  799
 71,  146,  147,  219,  221,  869,  870,  942,  944
 72,   14,   13,  664,  188,  737,  736, 1387,  911
 73,   81,  149,  115,   80,  804,  872,  838,  803
 74,  149,   81,   82,  150,  872,  804,  805,  873
 75,   84,  152,  151,   83,  807,  875,  874,  806
 76,   86,  196,   39,    2,  809,  919,  762,  725
 77,   87,  154,  196,   86,  810,  877,  919,  809
 78,  154,  228,  281,  397,  877,  951, 1004, 1120
 79,  256,  126,  127,  223,  979,  849,  850,  946
 80,  269,  125,  173,  273,  992,  848,  896,  996
 81,  228,   88,   89,  198,  951,  811,  812,  921
 82,   91,  156,  155,   90,  814,  879,  878,  813
 83,  450,  301,  289,  393, 1173, 1024, 1012, 1116
 84,  157,   92,   93,  116,  880,  815,  816,  839
 85,   94,  158,  116,   93,  817,  881,  839,  816
 86,  248,  258,  293,  283,  971,  981, 1016, 1006
 87,   98,  160,  170,   97,  821,  883,  893,  820
 88,  109,  170,  258,  248,  832,  893,  981,  971
 89,  101,  162,  169,  100,  824,  885,  892,  823
 90,  257,  271,  169,  162,  980,  994,  892,  885
 91,  104,  164,  163,  103,  827,  887,  886,  826
 92,  106,  165,  183,  105,  829,  888,  906,  828
 93,  107,  166,  165,  106,  830,  889,  888,  829
 94,  159,   95,   96,  109,  882,  818,  819,  832
 95,  110,  117,   22,   23,  833,  840,  745,  746
 96,  653,  194,   16,  184, 1376,  917,  739,  907
 97,  111,  122,   25,   26,  834,  845,  748,  749
 98,  211,  111,  171,  249,  934,  834,  894,  972
 99,  178,   52,   53,  112,  901,  775,  776,  835
100,  133,   51,   52,  178,  856,  774,  775,  901
101,  134,   55,   56,  135,  857,  778,  779,  858
102,  120,  227,  216,  119,  843,  950,  939,  842
103,  145,   74,   75,  181,  868,  797,  798,  904
104,  144,  145,  265,  235,  867,  868,  988,  958
105,  148,   79,   80,  115,  871,  802,  803,  838
106,  147,   78,   79,  148,  870,  801,  802,  871
107,  156,   91,   92,  157,  879,  814,  815,  880
108,   19,   20,  119,  197,  742,  743,  842,  920
109,   55,  134,  118,   54,  778,  857,  841,  777
110,  188,  647,  191,   14,  911, 1370,  914,  737
111,  113,  136,  225,  231,  836,  859,  948,  954
112,  117,  226,  227,  120,  840,  949,  950,  843
113,  312,  225,  232,  310, 1035,  948,  955, 1033
114,  122,  121,   24,   25,  845,  844,  747,  748
115,   10,  195,  668,    5,  733,  918, 1391,  728
116,  172,  260,  246,  124,  895,  983,  969,  847
117,  654,  186,    6,  189, 1377,  909,  729,  912
118,  174,  270,  223,  127,  897,  993,  946,  850
119,   88,  228,  154,   87,  811,  951,  877,  810
120,   90,  155,  198,   89,  813,  878,  921,  812
121,  278,  129,   37,   38, 1001,  852,  760,  761
122,  201,   45,   46,  176,  924,  768,  769,  899
123,  130,  131,  252,  244,  853,  854,  975,  967
124,  378,  285,  286,  376, 1101, 1008, 1009, 1099
125,   49,  177,  131,   48,  772,  900,  854,  771
126,  287,  286,  229,  263, 1010, 1009,  952,  986
127,  133,  178,  250,  263,  856,  901,  973,  986
128,  112,  118,  212,  205,  835,  841,  935,  928
129,  135,  113,  231,  202,  858,  836,  954,  925
130,  136,  137,  232,  225,  859,  860,  955,  948
131,   60,  138,  137,   59,  783,  861,  860,  782
132,  137,  138,  233,  232,  860,  861,  956,  955
133,  138,  139,  275,  233,  861,  862,  998,  956
134,   18,  234,  140,   17,  741,  957,  863,  740
135,  264,  268,  141,  168,  987,  991,  864,  891
136,  179,   67,   68,  141,  902,  790,  791,  864
137,   12,   11,  642,  190,  735,  734, 1365,  913
138,  145,  181,  247,  265,  868,  904,  970,  988
139,   72,  180,  143,   71,  795,  903,  866,  794
140,  699,  377,  306,  308, 1422, 1100, 1029, 1031
141,   78,  147,  146,   77,  801,  870,  869,  800
142,  298,  297,  209,  221, 1021, 1020,  932,  944
143,  644,  193,   12,  190, 1367,  916,  735,  913
144,   44,  175,  199,   43,  767,  898,  922,  766
145,  149,  150,  236,  214,  872,  873,  959,  937
146,   83,  151,  150,   82,  806,  874,  873,  805
147,  276,  217,  151,  152,  999,  940,  874,  875
148,   41,  238,  153,   40,  764,  961,  876,  763
149,  419,  314,  416,  358, 1142, 1037, 1139, 1081
150,  240,  239,  155,  156,  963,  962,  878,  879
151,  157,  116,  210,  206,  880,  839,  933,  929
152,  648,  185,    8,  187, 1371,  908,  731,  910
153,  160,  161,  266,  245,  883,  884,  989,  968
154,  100,  169,  161,   99,  823,  892,  884,  822
155,  355,  348,  267,  329, 1078, 1071,  990, 1052
156,  102,  182,  162,  101,  825,  905,  885,  824
157,  272,  241,  163,  164,  995,  964,  886,  887
158,  348,  355,  352,  280, 1071, 1078, 1075, 1003
159,  105,  183,  164,  104,  828,  906,  887,  827
160,  371,  368,  429,  422, 1094, 1091, 1152, 1145
161,  277,  242,  165,  166, 1000,  965,  888,  889
162,   64,  243,  167,   63,  787,  966,  890,  786
163,  368,  313,  352,  355, 1091, 1036, 1075, 1078
164,    8,    7,  643,  187,  731,  730, 1366,  910
165,  159,  109,  248,  207,  882,  832,  971,  930
166,  659,  195,   10,  641, 1382,  918,  733, 1364
167,  317,  320,  223,  270, 1040, 1043,  946,  993
168,  409,  295,  288,  391, 1132, 1018, 1011, 1114
169,  143,  180,  274,  255,  866,  903,  997,  978
170,  271,  266,  161,  169,  994,  989,  884,  892
171,  641,   10,   16,  194, 1364,  733,  739,  917
172,  669,    9,    8,  185, 1392,  732,  731,  908
173,  669,  192,   11,    9, 1392,  915,  734,  732
174,  643,    7,    6,  186, 1366,  730,  729,  909
175,  362,  335,  319,  359, 1085, 1058, 1042, 1082
176,  670,   15,   14,  191, 1393,  738,  737,  914
177,  125,  269,  260,  172,  848,  992,  983,  895
178,    5,  668,  189,    6,  728, 1391,  912,  729
179,  664,   13,   12,  193, 1387,  736,  735,  916
180,  333,  332,  205,  212, 1056, 1055,  928,  935
181,  132,  133,  263,  229,  855,  856,  986,  952
182,  252,  262,  285,  288,  975,  985, 1008, 1011
183,  244,  252,  288,  295,  967,  975, 1011, 1018
184,  208,  121,  122,  215,  931,  844,  845,  938
185,  342,  322,  408,  388, 1065, 1045, 1131, 1111
186,  281,  416,  222,  397, 1004, 1139,  945, 1120
187,  261,  128,  129,  222,  984,  851,  852,  945
188,  238,   41,   42,  237,  961,  764,  765,  960
189,  243,   64,   65,  220,  966,  787,  788,  943
190,  280,  352,  242,  277, 1003, 1075,  965, 1000
191,  175,  201,  350,  279,  898,  924, 1073, 1002
192,  202,  230,  134,  135,  925,  953,  857,  858
193,  203,  219,  147,  148,  926,  942,  870,  871
194,  226,  117,  110,  204,  949,  840,  833,  927
195,  205,  250,  178,  112,  928,  973,  901,  835
196,  206,  240,  156,  157,  929,  963,  879,  880
197,  207,  224,  158,  159,  930,  947,  881,  882
198,  111,  211,  215,  122,  834,  934,  938,  845
199,  209,  247,  181,  114,  932,  970,  904,  837
200,  210,  224,  301,  302,  933,  947, 1024, 1025
201,  224,  207,  289,  301,  947,  930, 1012, 1024
202,  249,  259,  294,  284,  972,  982, 1017, 1007
203,  118,  134,  230,  212,  841,  857,  953,  935
204,  213,  264,  168,  142,  936,  987,  891,  865
205,  346,  354,  351,  282, 1069, 1077, 1074, 1005
206,  215,  211,  290,  303,  938,  934, 1013, 1026
207,  211,  249,  284,  290,  934,  972, 1007, 1013
208,  238,  237,  282,  276,  961,  960, 1005,  999
209,  150,  151,  217,  236,  873,  874,  940,  959
210,  219,  203,  326,  296,  942,  926, 1049, 1019
211,  296,  380,  379,  298, 1019, 1103, 1102, 1021
212,  298,  379,  398,  297, 1021, 1102, 1121, 1020
213,  228,  198,  349,  281,  951,  921, 1072, 1004
214,  261,  270,  174,  128,  984,  993,  897,  851
215,  273,  173,  126,  256,  996,  896,  849,  979
216,  207,  248,  283,  289,  930,  971, 1006, 1012
217,  341,  338,  227,  226, 1064, 1061,  950,  949
218,  216,  356,  353,  347,  939, 1079, 1076, 1070
219,  196,  154,  397,  278,  919,  877, 1120, 1001
220,  229,  262,  177,  132,  952,  985,  900,  855
221,  331,  333,  212,  230, 1054, 1056,  935,  953
222,  315,  231,  225,  312, 1038,  954,  948, 1035
223,  353,  310,  232,  233, 1076, 1033,  955,  956
224,  275,  139,  140,  234,  998,  862,  863,  957
225,  235,  274,  180,  144,  958,  997,  903,  867
226,  339,  326,  203,  218, 1062, 1049,  926,  941
227,  276,  152,  153,  238,  999,  875,  876,  961
228,  334,  320,  369,  360, 1057, 1043, 1092, 1083
229,  155,  239,  349,  198,  878,  962, 1072,  921
230,  241,  254,  182,  163,  964,  977,  905,  886
231,  213,  255,  309,  311,  936,  978, 1032, 1034
232,  243,  220,  280,  277,  966,  943, 1003, 1000
233,  277,  166,  167,  243, 1000,  889,  890,  966
234,  245,  258,  170,  160,  968,  981,  893,  883
235,  259,  123,  124,  246,  982,  846,  847,  969
236,  305,  308,  265,  247, 1028, 1031,  988,  970
237,  318,  287,  263,  250, 1041, 1010,  986,  973
238,  164,  183,  253,  272,  887,  906,  976,  995
239,  241,  272,  316,  319,  964,  995, 1039, 1042
240,  345,  325,  271,  257, 1068, 1048,  994,  980
241,  255,  274,  307,  309,  978,  997, 1030, 1032
242,  274,  235,  306,  307,  997,  958, 1029, 1030
243,  260,  269,  324,  291,  983,  992, 1047, 1014
244,  293,  258,  245,  300, 1016,  981,  968, 1023
245,  259,  246,  299,  294,  982,  969, 1022, 1017
246,  285,  262,  229,  286, 1008,  985,  952, 1009
247,  268,  267,  179,  141,  991,  990,  902,  864
248,  235,  265,  308,  306,  958,  988, 1031, 1029
249,  247,  209,  297,  305,  970,  932, 1020, 1028
250,  325,  292,  266,  271, 1048, 1015,  989,  994
251,  179,  267,  348,  200,  902,  990, 1071,  923
252,  358,  343,  475,  419, 1081, 1066, 1198, 1142
253,  270,  261,  314,  317,  993,  984, 1037, 1040
254,  316,  272,  253,  313, 1039,  995,  976, 1036
255,  273,  344,  324,  269,  996, 1067, 1047,  992
256,  347,  275,  234,  197, 1070,  998,  957,  920
257,  282,  351,  217,  276, 1005, 1074,  940,  999
258,  397,  222,  129,  278, 1120,  945,  852, 1001
259,  175,  279,  346,  199,  898, 1002, 1069,  922
260,  336,  214,  236,  328, 1059,  937,  959, 1051
261,  348,  280,  220,  200, 1071, 1003,  943,  923
262,  352,  313,  253,  242, 1075, 1036,  976,  965
263,  416,  314,  261,  222, 1139, 1037,  984,  945
264,  346,  282,  237,  199, 1069, 1005,  960,  922
265,  351,  328,  236,  217, 1074, 1051,  959,  940
266,  396,  294,  389,  456, 1119, 1017, 1112, 1179
267,  391,  378,  376,  444, 1114, 1101, 1099, 1167
268,  287,  381,  376,  286, 1010, 1104, 1099, 1009
269,  295,  323,  251,  244, 1018, 1046,  974,  967
270,  302,  301,  450,  407, 1025, 1024, 1173, 1130
271,  291,  299,  246,  260, 1014, 1022,  969,  983
272,  292,  300,  245,  266, 1015, 1023,  968,  989
273,  345,  412,  413,  325, 1068, 1135, 1136, 1048
274,  292,  375,  689,  300, 1015, 1098, 1412, 1023
275,  390,  392,  283,  293, 1113, 1115, 1006, 1016
276,  291,  324,  706,  374, 1014, 1047, 1429, 1097
277,  394,  284,  294,  396, 1117, 1007, 1017, 1119
278,  323,  417,  350,  251, 1046, 1140, 1073,  974
279,  285,  378,  391,  288, 1008, 1101, 1114, 1011
280,  291,  389,  294,  299, 1014, 1112, 1017, 1022
281,  375,  455,  390,  689, 1098, 1178, 1113, 1412
282,  302,  322,  206,  210, 1025, 1045,  929,  933
283,  407,  408,  322,  302, 1130, 1131, 1045, 1025
284,  540,  580,  598,  537, 1263, 1303, 1321, 1260
285,  208,  304,  327,  204,  931, 1027, 1050,  927
286,  715,  304,  303,  384, 1438, 1027, 1026, 1107
287,  327,  341,  226,  204, 1050, 1064,  949,  927
288,  596,  557,  495,  536, 1319, 1280, 1218, 1259
289,  699,  308,  305,  399, 1422, 1031, 1028, 1122
290,  377,  440,  484,  436, 1100, 1163, 1207, 1159
291,  400,  309,  307,  383, 1123, 1032, 1030, 1106
292,  311,  330,  264,  213, 1034, 1053,  987,  936
293,  382,  437,  383,  307, 1105, 1160, 1106, 1030
294,  329,  267,  268,  340, 1052,  990,  991, 1063
295,  711,  400,  383,  441, 1434, 1123, 1106, 1164
296,  315,  321,  202,  231, 1038, 1044,  925,  954
297,  372,  426,  425,  373, 1095, 1149, 1148, 1096
298,  358,  416,  281,  349, 1081, 1139, 1004, 1072
299,  474,  387,  427,  426, 1197, 1110, 1150, 1149
300,  319,  335,  254,  241, 1042, 1058,  977,  964
301,  316,  371,  359,  319, 1039, 1094, 1082, 1042
302,  320,  334,  256,  223, 1043, 1057,  979,  946
303,  332,  333,  386,  385, 1055, 1056, 1109, 1108
304,  257,  254,  335,  345,  980,  977, 1058, 1068
305,  344,  273,  256,  334, 1067,  996,  979, 1057
306,  415,  405,  341,  327, 1138, 1128, 1064, 1050
307,  342,  343,  239,  240, 1065, 1066,  962,  963
308,  375,  292,  325,  413, 1098, 1015, 1048, 1136
309,  448,  362,  359,  420, 1171, 1085, 1082, 1143
310,  268,  264,  330,  340,  991,  987, 1053, 1063
311,  401,  361,  340,  330, 1124, 1084, 1063, 1053
312,  364,  386,  333,  331, 1087, 1109, 1056, 1054
313,  403,  402,  287,  318, 1126, 1125, 1010, 1041
314,  385,  386,  442,  433, 1108, 1109, 1165, 1156
315,  331,  321,  697,  364, 1054, 1044, 1420, 1087
316,  218,  214,  336,  339,  941,  937, 1059, 1062
317,  328,  366,  367,  336, 1051, 1089, 1090, 1059
318,  312,  373,  363,  315, 1035, 1096, 1086, 1038
319,  697,  321,  315,  363, 1420, 1044, 1038, 1086
320,  360,  369,  424,  421, 1083, 1092, 1147, 1144
321,  358,  349,  239,  343, 1081, 1072,  962, 1066
322,  370,  430,  424,  369, 1093, 1153, 1147, 1092
323,  344,  334,  360,  410, 1067, 1057, 1083, 1133
324,  354,  346,  279,  357, 1077, 1069, 1002, 1080
325,  372,  310,  353,  356, 1095, 1033, 1076, 1079
326,  371,  316,  313,  368, 1094, 1039, 1036, 1091
327,  373,  312,  310,  372, 1096, 1035, 1033, 1095
328,  474,  356,  216,  337, 1197, 1079,  939, 1060
329,  350,  417,  357,  279, 1073, 1140, 1080, 1002
330,  320,  317,  370,  369, 1043, 1040, 1093, 1092
331,  412,  345,  335,  362, 1135, 1068, 1058, 1085
332,  429,  329,  340,  361, 1152, 1052, 1063, 1084
333,  411,  459,  374,  706, 1134, 1182, 1097, 1429
334,  463,  365,  341,  405, 1186, 1088, 1064, 1128
335,  365,  387,  338,  341, 1088, 1110, 1061, 1064
336,  404,  339,  336,  367, 1127, 1062, 1059, 1090
337,  414,  326,  339,  404, 1137, 1049, 1062, 1127
338,  326,  414,  380,  296, 1049, 1137, 1103, 1019
339,  423,  357,  417,  418, 1146, 1080, 1140, 1141
340,  317,  314,  419,  370, 1040, 1037, 1142, 1093
341,  371,  422,  420,  359, 1094, 1145, 1143, 1082
342,  431,  363,  373,  425, 1154, 1086, 1096, 1148
343,  551,  503,  454,  508, 1274, 1226, 1177, 1231
344,  460,  509,  504,  455, 1183, 1232, 1227, 1178
345,  493,  542,  494,  445, 1216, 1265, 1217, 1168
346,  377,  382,  307,  306, 1100, 1105, 1030, 1029
347,  723,  323,  295,  409, 1446, 1046, 1018, 1132
348,  695,  694,  434,  468, 1418, 1417, 1157, 1191
349,  398,  399,  305,  297, 1121, 1122, 1028, 1020
350,  488,  452,  447,  499, 1211, 1175, 1170, 1222
351,  567,  518,  522,  563, 1290, 1241, 1245, 1286
352,  453,  381,  287,  402, 1176, 1104, 1010, 1125
353,  400,  406,  311,  309, 1123, 1129, 1034, 1032
354,  401,  330,  311,  406, 1124, 1053, 1034, 1129
355,  415,  715,  384,  462, 1138, 1438, 1107, 1185
356,  457,  438,  392,  390, 1180, 1161, 1115, 1113
357,  385,  403,  318,  332, 1108, 1126, 1041, 1055
358,  433,  442,  696,  487, 1156, 1165, 1419, 1210
359,  475,  343,  342,  388, 1198, 1066, 1065, 1111
360,  395,  290,  284,  394, 1118, 1013, 1007, 1117
361,  394,  396,  456,  439, 1117, 1119, 1179, 1162
362,  393,  289,  283,  392, 1116, 1012, 1006, 1115
363,  592,  545,  494,  542, 1315, 1268, 1217, 1265
364,  496,  450,  393,  451, 1219, 1173, 1116, 1174
365,  491,  443,  395,  446, 1214, 1166, 1118, 1169
366,  395,  443,  462,  384, 1118, 1166, 1185, 1107
367,  503,  456,  389,  454, 1226, 1179, 1112, 1177
368,  455,  504,  457,  390, 1178, 1227, 1180, 1113
369,  379,  452,  399,  398, 1102, 1175, 1122, 1121
370,  488,  440,  399,  452, 1211, 1163, 1122, 1175
371,  711,  441,  517,  469, 1434, 1164, 1240, 1192
372,  478,  721,  420,  422, 1201, 1444, 1143, 1145
373,  481,  506,  466,  448, 1204, 1229, 1189, 1171
374,  444,  376,  381,  445, 1167, 1099, 1104, 1168
375,  512,  453,  402,  464, 1235, 1176, 1125, 1187
376,  483,  486,  431,  425, 1206, 1209, 1154, 1148
377,  427,  387,  365,  463, 1150, 1110, 1088, 1186
378,  711,  469,  470,  718, 1434, 1192, 1193, 1441
379,  407,  704,  467,  408, 1130, 1427, 1190, 1131
380,  528,  480,  523,  526, 1251, 1203, 1246, 1249
381,  723,  418,  417,  323, 1446, 1141, 1140, 1046
382,  411,  706,  410,  465, 1134, 1429, 1133, 1188
383,  410,  360,  421,  449, 1133, 1083, 1144, 1172
384,  460,  413,  412,  466, 1183, 1136, 1135, 1189
385,  460,  455,  375,  413, 1183, 1178, 1098, 1136
386,  690,  432,  720,  518, 1413, 1155, 1443, 1241
387,  687,  472,  405,  415, 1410, 1195, 1128, 1138
388,  715,  415,  327,  304, 1438, 1138, 1050, 1027
389,  423,  418,  476,  477, 1146, 1141, 1199, 1200
390,  366,  354,  357,  423, 1089, 1077, 1080, 1146
391,  435,  367,  366,  423, 1158, 1090, 1089, 1146
392,  466,  412,  362,  448, 1189, 1135, 1085, 1171
393,  490,  441,  383,  437, 1213, 1164, 1106, 1160
394,  572,  528,  526,  562, 1295, 1251, 1249, 1285
395,  473,  404,  367,  435, 1196, 1127, 1090, 1158
396,  713,  414,  404,  473, 1436, 1137, 1127, 1196
397,  709,  697,  363,  431, 1432, 1420, 1086, 1154
398,  712,  442,  386,  364, 1435, 1165, 1109, 1087
399,  428,  361,  401,  470, 1151, 1084, 1124, 1193
400,  525,  428,  470,  507, 1248, 1151, 1193, 1230
401,  424,  430,  523,  480, 1147, 1153, 1246, 1203
402,  475,  430,  370,  419, 1198, 1153, 1093, 1142
403,  472,  687,  520,  519, 1195, 1410, 1243, 1242
404,  445,  494,  434,  444, 1168, 1217, 1157, 1167
405,  433,  461,  403,  385, 1156, 1184, 1126, 1108
406,  693,  498,  700,  468, 1416, 1221, 1423, 1191
407,  694,  391,  444,  434, 1417, 1114, 1167, 1157
408,  705,  435,  423,  477, 1428, 1158, 1146, 1200
409,  534,  574,  575,  532, 1257, 1297, 1298, 1255
410,  531,  485,  436,  484, 1254, 1208, 1159, 1207
411,  438,  451,  393,  392, 1161, 1174, 1116, 1115
412,  502,  540,  537,  500, 1225, 1263, 1260, 1223
413,  439,  446,  395,  394, 1162, 1169, 1118, 1117
414,  691,  539,  536,  495, 1414, 1262, 1259, 1218
415,  379,  701,  447,  452, 1102, 1424, 1170, 1175
416,  584,  538,  485,  531, 1307, 1261, 1208, 1254
417,  431,  486,  712,  709, 1154, 1209, 1435, 1432
418,  618,  587,  549,  586, 1341, 1310, 1272, 1309
419,  381,  453,  493,  445, 1104, 1176, 1216, 1168
420,  557,  491,  446,  495, 1280, 1214, 1169, 1218
421,  547,  499,  447,  489, 1270, 1222, 1170, 1212
422,  525,  719,  721,  478, 1248, 1442, 1444, 1201
423,  508,  454,  374,  459, 1231, 1177, 1097, 1182
424,  704,  407,  450,  458, 1427, 1130, 1173, 1181
425,  500,  537,  496,  451, 1223, 1260, 1219, 1174
426,  532,  484,  440,  488, 1255, 1207, 1163, 1211
427,  402,  403,  461,  464, 1125, 1126, 1184, 1187
428,  556,  508,  459,  513, 1279, 1231, 1182, 1236
429,  291,  374,  454,  389, 1014, 1097, 1177, 1112
430,  558,  509,  460,  514, 1281, 1232, 1183, 1237
431,  439,  691,  495,  446, 1162, 1414, 1218, 1169
432,  439,  456,  503,  501, 1162, 1179, 1226, 1224
433,  457,  688,  502,  500, 1180, 1411, 1225, 1223
434,  467,  704,  471,  722, 1190, 1427, 1194, 1445
435,  467,  722,  526,  523, 1190, 1445, 1249, 1246
436,  513,  459,  411,  465, 1236, 1182, 1134, 1188
437,  576,  535,  696,  717, 1299, 1258, 1419, 1440
438,  472,  716,  463,  405, 1195, 1439, 1186, 1128
439,  686,  611,  483,  544, 1409, 1334, 1206, 1267
440,  427,  497,  544,  483, 1150, 1220, 1267, 1206
441,  549,  493,  453,  512, 1272, 1216, 1176, 1235
442,  449,  421,  479,  482, 1172, 1144, 1202, 1205
443,  505,  465,  410,  449, 1228, 1188, 1133, 1172
444,  420,  721,  481,  448, 1143, 1444, 1204, 1171
445,  523,  388,  408,  467, 1246, 1111, 1131, 1190
446,  421,  424,  480,  479, 1144, 1147, 1203, 1202
447,  723,  409,  708,  710, 1446, 1132, 1431, 1433
448,  406,  718,  470,  401, 1129, 1441, 1193, 1124
449,  436,  485,  490,  437, 1159, 1208, 1213, 1160
450,  380,  414,  713,  720, 1103, 1137, 1436, 1443
451,  429,  361,  428,  525, 1152, 1084, 1151, 1248
452,  507,  470,  469,  521, 1230, 1193, 1192, 1244
453,  692,  471,  704,  458, 1415, 1194, 1427, 1181
454,  497,  716,  472,  519, 1220, 1439, 1195, 1242
455,  426,  372,  356,  474, 1149, 1095, 1079, 1197
456,  429,  368,  355,  329, 1152, 1091, 1078, 1052
457,  476,  685,  573,  477, 1199, 1408, 1296, 1200
458,  478,  422,  429,  525, 1201, 1145, 1152, 1248
459,  506,  514,  460,  466, 1229, 1237, 1183, 1189
460,  565,  597,  560,  521, 1288, 1320, 1283, 1244
461,  477,  573,  714,  705, 1200, 1296, 1437, 1428
462,  510,  566,  698,  692, 1233, 1289, 1421, 1415
463,  575,  531,  484,  532, 1298, 1254, 1207, 1255
464,  555,  490,  485,  538, 1278, 1213, 1208, 1261
465,  487,  492,  461,  433, 1210, 1215, 1184, 1156
466,  568,  564,  519,  520, 1291, 1287, 1242, 1243
467,  626,  596,  536,  577, 1349, 1319, 1259, 1300
468,  613,  574,  534,  581, 1336, 1297, 1257, 1304
469,  515,  498,  545,  554, 1238, 1221, 1268, 1277
470,  702,  432,  690,  489, 1425, 1155, 1413, 1212
471,  584,  625,  593,  538, 1307, 1348, 1316, 1261
472,  491,  511,  462,  443, 1214, 1234, 1185, 1166
473,  492,  516,  464,  461, 1215, 1239, 1187, 1184
474,  656,  585,  535,  576, 1379, 1308, 1258, 1299
475,  587,  542,  493,  549, 1310, 1265, 1216, 1272
476,  494,  545,  498,  693, 1217, 1268, 1221, 1416
477,  494,  693,  468,  434, 1217, 1416, 1191, 1157
478,  539,  582,  577,  536, 1262, 1305, 1300, 1259
479,  716,  497,  427,  463, 1439, 1220, 1150, 1186
480,  607,  567,  563,  604, 1330, 1290, 1286, 1327
481,  554,  545,  592,  602, 1277, 1268, 1315, 1325
482,  499,  534,  532,  488, 1222, 1257, 1255, 1211
483,  547,  581,  534,  499, 1270, 1304, 1257, 1222
484,  457,  500,  451,  438, 1180, 1223, 1174, 1161
485,  582,  539,  501,  541, 1305, 1262, 1224, 1264
486,  583,  540,  502,  688, 1306, 1263, 1225, 1411
487,  553,  543,  504,  509, 1276, 1266, 1227, 1232
488,  598,  559,  496,  537, 1321, 1282, 1219, 1260
489,  533,  505,  449,  482, 1256, 1228, 1172, 1205
490,  565,  521,  469,  517, 1288, 1244, 1192, 1240
491,  527,  719,  707,  703, 1250, 1442, 1430, 1426
492,  501,  503,  551,  541, 1224, 1226, 1274, 1264
493,  594,  541,  551,  599, 1317, 1264, 1274, 1322
494,  553,  601,  632,  595, 1276, 1324, 1355, 1318
495,  698,  722,  471,  692, 1421, 1445, 1194, 1415
496,  722,  698,  562,  526, 1445, 1421, 1285, 1249
497,  435,  705,  714,  473, 1158, 1428, 1437, 1196
498,  586,  549,  512,  552, 1309, 1272, 1235, 1275
499,  552,  512,  464,  516, 1275, 1235, 1187, 1239
500,  684,  546,  505,  533, 1407, 1269, 1228, 1256
501,  546,  513,  465,  505, 1269, 1236, 1188, 1228
502,  514,  506,  530,  548, 1237, 1229, 1253, 1271
503,  555,  517,  441,  490, 1278, 1240, 1164, 1213
504,  522,  518,  720,  713, 1245, 1241, 1443, 1436
505,  518,  567,  561,  690, 1241, 1290, 1284, 1413
506,  529,  486,  483,  611, 1252, 1209, 1206, 1334
507,  482,  528,  572,  533, 1205, 1251, 1295, 1256
508,  497,  519,  564,  544, 1220, 1242, 1287, 1267
509,  511,  682,  520,  687, 1234, 1405, 1243, 1410
510,  507,  521,  560,  707, 1230, 1244, 1283, 1430
511,  527,  703,  571,  530, 1250, 1426, 1294, 1253
512,  430,  475,  388,  523, 1153, 1198, 1111, 1246
513,  468,  700,  524,  695, 1191, 1423, 1247, 1418
514,  710,  695,  524,  476, 1433, 1418, 1247, 1199
515,  483,  425,  426,  427, 1206, 1148, 1149, 1150
516,  573,  563,  522,  714, 1296, 1286, 1245, 1437
517,  570,  685,  476,  524, 1293, 1408, 1199, 1247
518,  719,  527,  481,  721, 1442, 1250, 1204, 1444
519,  482,  479,  480,  528, 1205, 1202, 1203, 1251
520,  527,  530,  506,  481, 1250, 1253, 1229, 1204
521,  516,  492,  487,  550, 1239, 1215, 1210, 1273
522,  615,  665,  626,  577, 1338, 1388, 1349, 1300
523,  667,  625,  584,  620, 1390, 1348, 1307, 1343
524,  663,  614,  574,  613, 1386, 1337, 1297, 1336
525,  666,  630,  580,  616, 1389, 1353, 1303, 1339
526,  656,  576,  591,  606, 1379, 1299, 1314, 1329
527,  682,  511,  491,  557, 1405, 1234, 1214, 1280
528,  621,  615,  577,  582, 1344, 1338, 1300, 1305
529,  559,  458,  450,  496, 1282, 1181, 1173, 1219
530,  540,  583,  616,  580, 1263, 1306, 1339, 1303
531,  620,  584,  531,  575, 1343, 1307, 1254, 1298
532,  439,  501,  539,  691, 1162, 1224, 1262, 1414
533,  599,  551,  508,  556, 1322, 1274, 1231, 1279
534,  662,  618,  586,  617, 1385, 1341, 1309, 1340
535,  558,  601,  553,  509, 1281, 1324, 1276, 1232
536,  627,  592,  542,  587, 1350, 1315, 1265, 1310
537,  579,  572,  562,  605, 1302, 1295, 1285, 1328
538,  578,  571,  560,  597, 1301, 1294, 1283, 1320
539,  588,  552,  516,  550, 1311, 1275, 1239, 1273
540,  585,  619,  617,  588, 1308, 1342, 1340, 1311
541,  696,  535,  550,  487, 1419, 1258, 1273, 1210
542,  621,  582,  541,  594, 1344, 1305, 1264, 1317
543,  622,  631,  594,  599, 1345, 1354, 1317, 1322
544,  617,  586,  552,  588, 1340, 1309, 1275, 1311
545,  616,  583,  553,  595, 1339, 1306, 1276, 1318
546,  554,  610,  569,  515, 1277, 1333, 1292, 1238
547,  602,  592,  627,  633, 1325, 1315, 1350, 1356
548,  655,  589,  684,  579, 1378, 1312, 1407, 1302
549,  680,  556,  513,  546, 1403, 1279, 1236, 1269
550,  677,  568,  520,  682, 1400, 1291, 1243, 1405
551,  544,  564,  683,  686, 1267, 1287, 1406, 1409
552,  657,  590,  548,  578, 1380, 1313, 1271, 1301
553,  590,  558,  514,  548, 1313, 1281, 1237, 1271
554,  703,  707,  560,  571, 1426, 1430, 1283, 1294
555,  561,  603,  581,  547, 1284, 1326, 1304, 1270
556,  604,  563,  573,  685, 1327, 1286, 1296, 1408
557,  529,  591,  576,  717, 1252, 1314, 1299, 1440
558,  681,  597,  565,  600, 1404, 1320, 1288, 1323
559,  600,  565,  517,  555, 1323, 1288, 1240, 1278
560,  634,  605,  566,  608, 1357, 1328, 1289, 1331
561,  559,  608,  566,  510, 1282, 1331, 1289, 1233
562,  612,  636,  607,  604, 1335, 1359, 1330, 1327
563,  700,  569,  570,  524, 1423, 1292, 1293, 1247
564,  564,  568,  609,  683, 1287, 1291, 1332, 1406
565,  498,  515,  569,  700, 1221, 1238, 1292, 1423
566,  567,  607,  603,  561, 1290, 1330, 1326, 1284
567,  685,  570,  612,  604, 1408, 1293, 1335, 1327
568,  571,  578,  548,  530, 1294, 1301, 1271, 1253
569,  579,  684,  533,  572, 1302, 1407, 1256, 1295
570,  650,  644,  613,  629, 1373, 1367, 1336, 1352
571,  667,  620,  614,  642, 1390, 1343, 1337, 1365
572,  588,  550,  535,  585, 1311, 1273, 1258, 1308
573,  670,  640,  652,  184, 1393, 1363, 1375,  907
574,  659,  641,  615,  621, 1382, 1364, 1338, 1344
575,  646,  676,  651,  671, 1369, 1399, 1374, 1394
576,  595,  623,  666,  616, 1318, 1346, 1389, 1339
577,  679,  638,  658,  639, 1402, 1361, 1381, 1362
578,  600,  555,  538,  593, 1323, 1278, 1261, 1316
579,  574,  614,  620,  575, 1297, 1337, 1343, 1298
580,  587,  618,  647,  627, 1310, 1341, 1370, 1350
581,  662,  617,  619,  640, 1385, 1340, 1342, 1363
582,  529,  611,  686,  591, 1252, 1334, 1409, 1314
583,  625,  667,  192,  672, 1348, 1390,  915, 1395
584,  659,  621,  594,  631, 1382, 1344, 1317, 1354
585,  632,  660,  623,  595, 1355, 1383, 1346, 1318
586,  674,  609,  568,  677, 1397, 1332, 1291, 1400
587,  626,  665,  194,  653, 1349, 1388,  917, 1376
588,  630,  666,  186,  654, 1353, 1389,  909, 1377
589,  195,  659,  631,  646,  918, 1382, 1354, 1369
590,  556,  680,  622,  599, 1279, 1403, 1345, 1322
591,  600,  593,  628,  681, 1323, 1316, 1351, 1404
592,  187,  660,  632,  648,  910, 1383, 1355, 1371
593,  624,  601,  558,  590, 1347, 1324, 1281, 1313
594,  612,  610,  638,  679, 1335, 1333, 1361, 1402
595,  658,  664,  193,  661, 1381, 1387,  916, 1384
596,  603,  629,  613,  581, 1326, 1352, 1336, 1304
597,  562,  698,  566,  605, 1285, 1421, 1289, 1328
598,  655,  579,  605,  634, 1378, 1302, 1328, 1357
599,  678,  656,  606,  635, 1401, 1379, 1329, 1358
600,  639,  650,  629,  636, 1362, 1373, 1352, 1359
601,  569,  610,  612,  570, 1292, 1333, 1335, 1293
602,  675,  634,  608,  637, 1398, 1357, 1331, 1360
603,  637,  608,  559,  598, 1360, 1331, 1282, 1321
604,  609,  674,  673,  635, 1332, 1397, 1396, 1358
605,  596,  677,  682,  557, 1319, 1400, 1405, 1280
606,  607,  636,  629,  603, 1330, 1359, 1352, 1326
607,  602,  638,  610,  554, 1325, 1361, 1333, 1277
608,  190,  642,  614,  663,  913, 1365, 1337, 1386
609,  194,  665,  615,  641,  917, 1388, 1338, 1364
610,  637,  598,  580,  630, 1360, 1321, 1303, 1353
611,  186,  666,  623,  643,  909, 1389, 1346, 1366
612,  662,  640,  670,  191, 1385, 1363, 1393,  914
613,  191,  647,  618,  662,  914, 1370, 1341, 1385
614,  619,  678,  652,  640, 1342, 1401, 1375, 1363
615,  676,  622,  680,  589, 1399, 1345, 1403, 1312
616,  648,  632,  601,  624, 1371, 1355, 1324, 1347
617,  672,  628,  593,  625, 1395, 1351, 1316, 1348
618,  681,  657,  578,  597, 1404, 1380, 1301, 1320
619,  645,  628,  672,  649, 1368, 1351, 1395, 1372
620,  673,  674,  626,  653, 1396, 1397, 1349, 1376
621,  633,  627,  647,  188, 1356, 1350, 1370,  911
622,  628,  645,  657,  681, 1351, 1368, 1380, 1404
623,  650,  639,  658,  661, 1373, 1362, 1381, 1384
624,  671,  668,  195,  646, 1394, 1391,  918, 1369
625,  187,  643,  623,  660,  910, 1366, 1346, 1383
626,  683,  609,  635,  606, 1406, 1332, 1358, 1329
627,  674,  677,  596,  626, 1397, 1400, 1319, 1349
628,  630,  654,  675,  637, 1353, 1377, 1398, 1360
629,  612,  679,  639,  636, 1335, 1402, 1362, 1359
630,  633,  658,  638,  602, 1356, 1381, 1361, 1325
631,  652,  673,  653,  184, 1375, 1396, 1376,  907
632,  667,  642,   11,  192, 1390, 1365,  734,  915
633,  190,  663,  613,  644,  913, 1386, 1336, 1367
634,  650,  661,  193,  644, 1373, 1384,  916, 1367
635,  185,  648,  624,  645,  908, 1371, 1347, 1368
636,  669,  185,  645,  649, 1392,  908, 1368, 1372
637,  651,  675,  654,  189, 1374, 1398, 1377,  912
638,  676,  646,  631,  622, 1399, 1369, 1354, 1345
639,  192,  669,  649,  672,  915, 1392, 1372, 1395
640,  655,  634,  675,  651, 1378, 1357, 1398, 1374
641,  678,  635,  673,  652, 1401, 1358, 1396, 1375
642,  651,  676,  589,  655, 1374, 1399, 1312, 1378
643,  678,  619,  585,  656, 1401, 1342, 1308, 1379
644,  645,  624,  590,  657, 1368, 1347, 1313, 1380
645,  658,  633,  188,  664, 1381, 1356,  911, 1387
646,  651,  189,  668,  671, 1374,  912, 1391, 1394
647,  546,  684,  589,  680, 1269, 1407, 1312, 1403
648,  216,  227,  338,  337,  939,  950, 1061, 1060
649,  543,  553,  583,  688, 1266, 1276, 1306, 1411
650,  543,  688,  457,  504, 1266, 1411, 1180, 1227
651,  683,  606,  591,  686, 1406, 1329, 1314, 1409
652,  415,  462,  511,  687, 1138, 1185, 1234, 1410
653,  390,  293,  300,  689, 1113, 1016, 1023, 1412
654,  561,  547,  489,  690, 1284, 1270, 1212, 1413
655,  510,  692,  458,  559, 1233, 1415, 1181, 1282
656,  708,  409,  391,  694, 1431, 1132, 1114, 1417
657,  694,  695,  710,  708, 1417, 1418, 1433, 1431
658,  442,  712,  717,  696, 1165, 1435, 1440, 1419
659,  712,  364,  697,  709, 1435, 1087, 1420, 1432
660,  377,  699,  399,  440, 1100, 1422, 1122, 1163
661,  702,  489,  447,  701, 1425, 1212, 1170, 1424
662,  712,  486,  529,  717, 1435, 1209, 1252, 1440
663,  380,  720,  432,  702, 1103, 1443, 1155, 1425
664,  379,  380,  702,  701, 1102, 1103, 1425, 1424
665,  410,  706,  324,  344, 1133, 1429, 1047, 1067
666,  707,  719,  525,  507, 1430, 1442, 1248, 1230
667,  406,  400,  711,  718, 1129, 1123, 1434, 1441
668,  473,  714,  522,  713, 1196, 1437, 1245, 1436
669,  723,  710,  476,  418, 1446, 1433, 1199, 1141
